CD_GEOCMU;NM_MUNICIP;NM_TI;Ano2001;Ano2002;Ano2003;Ano2004;Ano2005;Ano2006;Ano2007;Ano2008;Ano2009;Ano2011;Ano2012;Ano2013;Ano2014;Ano2015;Ano2016;Ano2017;Ano2018;Ano2019;Ano2020
2900108;Abaíra;Chapada Diamantina;9114;9133;9163;9228;9263;9298;8638;8851;8821;8687;8659;9132;9243;9226;9212;9199;8767;8739;8710
2900207;Abaré;Itaparica;13894;14111;14325;14776;15026;15268;17342;18362;18831;17380;17685;18989;19290;19574;19939;20189;19814;20086;20347
2900306;Acajutiba;Litoral Norte e Agreste Baiano;14438;14622;14762;15055;15217;15374;14628;15123;15192;14692;14730;15615;15668;15717;15764;15727;15129;15159;15187
2900355;Adustina;Semiárido Nordeste II;14471;14426;14483;14604;14670;14735;14824;15354;15448;15810;15914;16929;17044;17153;17254;17349;16784;17040;17126
2900405;Água Fria;Portal do Sertão;14793;14839;14895;15012;15077;15140;14810;15284;15328;15809;15884;16871;16959;17043;17431;17508;16901;16970;17033
2900504;Érico Cardoso;Bacia do Paramirim;12315;12428;12552;12814;12958;12504;10609;10809;10717;10802;10746;11509;11472;11437;11405;11212;10662;10610;10560
2900603;Aiquara;Médio Rio de Contas;5149;5042;4915;4650;4502;4360;5212;5361;5361;4569;4536;4767;4790;4767;4745;4725;4478;4446;4416
2900702;Alagoinhas;Litoral Norte e Agreste Baiano;131179;132873;134162;136868;138366;139818;132725;137202;137810;142870;143460;152570;153560;154495;155362;155979;150832;151596;152327
2900801;Alcobaça;Extremo Sul;21470;21894;22355;23323;23858;24378;19840;20320;20242;21300;21328;23176;23231;23282;23331;23376;22449;22470;22490
2900900;Almadina;Litoral Sul;7504;7411;7202;6763;6520;6284;6687;6742;6621;6242;6130;6327;6234;6145;6062;5985;5566;5464;5366
2901007;Amargosa;Vale do Jiquiriçá;31082;31756;32057;32689;33039;33378;33554;34918;35278;34602;34845;37081;37557;37807;38041;38259;37031;37241;37441
2901106;Amélia Rodrigues;Portal do Sertão;24309;24419;24551;24829;24983;25132;22096;24192;24491;25134;25080;26477;26458;26441;26424;26409;25224;25102;25048
2901155;América Dourada;Irecê;15943;15958;15957;15956;15955;15955;16189;16723;16787;15962;15962;16884;16904;16923;16781;16798;16097;16094;16090
2901205;Anagé;Sudoeste Baiano;40621;28854;27830;25681;24492;23338;25716;25823;25262;25049;19889;20698;20388;20096;19824;19568;18194;22005;21607
2901304;Andaraí;Chapada Diamantina;13769;13800;13760;13678;13633;13589;14088;14554;14609;13951;13942;14738;13716;13723;13732;13737;13153;13143;13132
2901353;Andorinha;Piemonte Norte do Itapicuru;15557;15480;15344;15058;14899;14746;14132;14359;14201;14310;14209;14936;14862;14791;15551;15490;14690;14595;14503
2901403;Angical;Bacia do Rio Grande;14528;14417;14285;14008;13855;13706;14700;15157;15191;14032;13992;14762;14742;14724;14707;14690;14017;13977;13938
2901502;Anguera;Portal do Sertão;8954;9039;9134;9334;9445;9552;9523;9707;9826;10336;10427;11113;11209;11299;11402;11481;11142;11221;11297
2901601;Antas;Semiárido Nordeste II;13677;13418;13121;12497;12151;11816;16446;17268;17583;17303;17526;18744;18970;19183;19382;19569;19093;19291;19479
2901700;Antônio Cardoso;Portal do Sertão;11657;11681;11710;11770;11803;11835;12074;12509;12589;11549;11545;12206;12216;12225;12200;12208;11691;11683;11677
2901809;Antônio Gonçalves;Piemonte Norte do Itapicuru;9108;8797;8371;7476;6981;6500;10653;11107;11240;11124;11229;11973;12083;12187;11989;12072;11715;11798;11878
2901908;Aporá;Litoral Norte e Agreste Baiano;16867;16985;17085;17296;17412;17525;17870;18570;18738;17805;17877;18976;19063;19146;19223;18334;17673;17731;17788
2901957;Apuarema;Médio Rio de Contas;7350;7268;7186;7015;6920;6829;7379;7601;7610;7428;7397;7795;7780;7762;7745;7730;7360;7330;7302
2902005;Aracatu;Sudoeste Baiano;15474;15497;15499;15505;15508;15511;14168;14437;14316;13641;13542;14232;14158;14089;14023;13962;13229;13135;13045
2902054;Araças;Litoral Norte e Agreste Baiano;11261;11462;11664;12087;12321;12549;11662;12108;12209;11602;11642;12351;12402;12450;12495;12608;12143;12177;12208
2902104;Araci;Sisal;47836;48056;48275;48735;48989;49236;51912;54092;54713;51994;52325;55655;56023;56370;55637;55935;54099;54379;54648
2902203;Aramari;Litoral Norte e Agreste Baiano;9449;9599;9758;10090;10274;10453;9527;9858;9911;10111;10483;11157;11237;11314;11385;11703;11332;11397;11461
2902252;Arataca;Litoral Sul;10896;10718;10486;9999;9729;9468;10717;10986;10953;10349;10307;11822;11779;11737;11697;11661;11079;11019;10961
2902302;Aratuípe;Baixo Sul;8445;8501;8557;8673;8738;8801;8507;8788;8822;8616;8632;9146;9104;9127;9150;9171;8813;8825;8837
2902401;Aurelino Leal;Litoral Sul;17130;17446;17584;17873;18034;18189;14458;14559;14280;13323;13059;13525;13301;13089;12891;12706;11774;11531;11299
2902500;Baianópolis;Bacia do Rio Grande;11957;11833;11673;11336;11149;10968;13437;14019;14195;13919;13420;13892;14126;14195;14262;14323;13824;13877;13929
2902609;Baixa Grande;Bacia do Jacuípe;20275;20190;20073;19829;19694;19562;20980;21704;21814;20046;20031;21174;21186;21197;21393;21403;20488;20468;20449
2902658;Banzaê;Semiárido Nordeste II;11113;11086;11053;10985;10947;10911;10865;11166;11157;11827;11840;12534;12560;13711;13738;13765;13217;13229;13240
2902708;Barra;Velho Chico;44083;45128;45558;46459;46958;47441;47755;49705;50226;49736;50134;53361;53786;54188;54563;54915;53231;53578;53910
2902807;Barra da Estiva;Chapada Diamantina;25257;25954;26656;28131;28947;29738;20750;20918;20537;20974;20767;22409;22566;22394;22232;22082;20813;20598;20392
2902906;Barra do Choça;Sudoeste Baiano;42770;44179;45739;49014;50826;52583;32489;32419;31527;35084;35501;35567;35200;34853;34421;34121;32018;31603;31209
2903003;Barra do Mendes;Irecê;13501;17380;15479;15301;15203;13634;14054;14458;14459;13950;13914;14684;14540;14526;14570;14560;13900;13865;13833
2903102;Barra do Rocha;Médio Rio de Contas;7871;7734;7576;7245;7062;6884;6133;6071;5860;6174;6038;6261;6518;6424;6338;6258;5821;5714;5612
2903201;Barreiras;Bacia do Rio Grande;116874;120321;123609;130512;134333;138037;129501;135650;137832;139285;141081;150896;152208;153918;155519;157638;153831;155439;156975
2903235;Barro Alto;Irecê;12103;12106;12110;12118;12122;12127;13403;13990;14172;13766;13914;14855;15230;15377;15093;15217;14802;14931;15054
2903276;Barrocas;Sisal;12303;12406;12509;12725;12844;12960;13182;13722;13868;14346;14495;15470;15624;15770;16167;16296;15846;15978;16105
2903300;Governador Lomanto Júnior/Barro Preto;Litoral Sul;8357;8181;7986;7576;7350;7130;6669;6626;6417;6285;6122;6767;6627;6492;6367;6251;5743;5591;5448
2903409;Belmonte;Costa do Descobrimento;19711;19603;19404;18986;18755;18531;21479;22336;22553;21935;22067;23471;23620;23759;23891;24013;23214;23328;23437
2903508;Belo Campo;Sudoeste Baiano;18056;18361;18688;19376;19756;20125;15262;15427;15185;15915;17625;18539;18459;18383;18312;18247;17317;17211;17109
2903607;Biritinga;Sisal;14628;14645;14647;14652;14654;14656;13961;14307;14260;14851;14866;15737;15769;15799;16628;16653;15975;15979;15984
2903706;Boa Nova;Médio Rio de Contas;21463;22025;22712;24155;24954;25728;16007;15916;15427;15048;14620;15141;14861;14577;14314;14069;12953;12633;12329
2903805;Boa Vista do Tupim;Piemonte do Paraguaçu;18566;18671;18792;19048;19190;19327;17841;18323;18298;17944;17898;18888;18677;18658;19516;19502;18622;18576;18531
2903904;Bom Jesus da Lapa;Velho Chico;55028;55581;56119;57248;57874;58480;62199;65148;66192;64121;64740;68282;68922;69526;70090;70618;68609;69148;69662
2903953;Bom Jesus da Serra;Sudoeste Baiano;10554;10560;10587;10644;10675;10705;10295;10588;10588;10054;10120;10644;10597;10554;10515;10477;9942;9880;9823
2904001;Boninal;Chapada Diamantina;12310;12212;12097;11855;11720;11590;13227;13738;13857;13796;13893;14742;14490;14585;14675;14760;14288;14368;14446
2904050;Bonito;Chapada Diamantina;13128;13284;13462;13834;14040;14240;13678;14205;14326;14983;15126;16132;16730;16873;17006;17131;16637;16764;16884
2904100;Boquira;Bacia do Paramirim;22390;22684;22946;23494;23798;24093;21856;22502;22521;22031;22025;22389;22409;22429;22448;22464;21520;21508;21497
2904209;Botuporã;Bacia do Paramirim;12140;12419;12558;12851;13354;13516;11026;11186;11048;11050;10950;11162;11089;11021;10957;10898;10300;10211;10129
2904308;Brejões;Vale do Jiquiriçá;15604;15829;16053;16526;16787;17040;12677;12726;12446;14201;14123;14866;15265;15214;15166;15122;14370;14295;14222
2904407;Brejolândia;Bacia do Rio Corrente;8457;8235;7990;7476;7192;6916;9337;9703;9791;11164;11247;10545;10624;10698;10768;10833;10493;10557;10618
2904506;Brotas de Macaúbas;Velho Chico;12846;12045;11929;11685;11550;11418;10922;11083;10949;10596;10479;11301;11158;11070;11049;10974;10341;10231;10130
2904605;Brumado;Sertão Produtivo;62181;62616;63054;63976;64486;64980;62381;64417;64642;64790;64972;68776;69022;69255;69473;69677;67048;67195;67335
2904704;Buerarema;Litoral Sul;18919;18756;18588;18235;18040;17850;19956;20687;20830;18566;18528;19311;19297;19283;19269;19256;18391;18349;18306
2904753;Buritirama;Bacia do Rio Grande;18416;18903;19417;20495;21091;21670;18656;19349;19492;19729;19853;21115;21418;21549;21671;21786;21067;21174;21276
2904803;Caatiba;Médio Sudoeste da Bahia;16222;16729;17295;18484;19142;19780;10367;10023;9450;11016;10576;10828;10486;10166;10044;7841;7043;6758;6488
2904852;Cabaceiras do Paraguaçu;Recôncavo;15672;15762;15862;16072;16189;16301;17502;18302;18569;17457;17582;18713;18850;18978;19199;19312;18698;18807;18911
2904902;Cachoeira;Recôncavo;30574;30863;31071;31507;31748;31982;32252;33495;33782;32150;32270;34244;34394;34535;35013;35139;33861;33470;33567
2905008;Caculé;Sertão Produtivo;20643;20871;21117;21636;21922;22200;21847;22282;22557;22396;22577;23232;23392;23545;23685;23817;23045;23170;23291
2905107;Caém;Piemonte da Diamantina;12003;11605;11160;10227;9711;9210;10377;10417;10187;10188;10013;10429;10282;10143;10179;10058;9372;9213;9058
2905156;Caetanos;Sudoeste Baiano;13489;13585;13822;14318;14593;14859;12133;12389;12307;13727;14926;15842;15913;15982;16045;16106;15524;14542;14608
2905206;Caetité;Sertão Produtivo;45838;46081;46541;47507;48041;48559;46192;47774;48007;47647;47774;52166;52353;52531;52696;52853;50861;50975;51081
2905305;Cafarnaum;Irecê;15980;16346;16480;16760;16915;17065;17402;18119;18314;17305;17398;18489;18595;18695;18917;19006;18356;18437;18513
2905404;Cairu;Baixo Sul;10926;10609;10237;9457;9025;8606;13712;14438;14736;15679;15973;17168;17457;17730;17985;18224;17913;18176;18427
2905503;Caldeirão Grande;Piemonte Norte do Itapicuru;10857;10465;10033;9127;8626;8140;13072;13697;13922;12576;12658;13465;13555;13641;13643;13713;13260;13327;13391
2905602;Camacan;Litoral Sul;30308;29799;29216;27993;27316;26660;30289;31133;31113;31505;31535;33068;33135;33197;33257;33310;31968;31988;32006
2905701;Camaçari;Metropolitano de Salvador;166985;171845;176541;186399;191855;197144;220495;227955;234558;249206;255238;275575;281413;286919;292074;296893;293723;299132;304302
2905800;Camamu;Baixo Sul;33713;33832;33911;34077;34169;34258;32172;32981;32881;35275;35366;37207;36321;36435;36543;36644;35248;35316;35382
2905909;Campo Alegre de Lourdes;Sertão do São Francisco;27884;27919;28064;28367;28535;28699;26935;27686;27670;28124;28156;29812;29877;29938;29994;30048;28844;28798;28820
2906006;Campo Formoso;Piemonte Norte do Itapicuru;61881;61908;61892;61859;61841;61823;65137;67582;68101;66967;67305;71507;71900;72271;73118;73448;70912;71206;71487
2906105;Canápolis;Bacia do Rio Corrente;9766;9799;9826;9880;9911;9940;10577;11016;11136;9403;9395;10130;10137;10142;10146;10151;9719;9711;9703
2906204;Canarana;Irecê;21677;21679;21685;21698;21706;21713;24436;25557;25935;24252;24430;26006;26200;26382;26702;26862;26020;26176;26325
2906303;Canavieiras;Litoral Sul;35395;35807;36031;36504;36765;37018;35743;36911;37041;32116;31902;33570;33415;33268;33130;33002;31301;31099;30906
2906402;Candeal;Sisal;10049;9993;9934;9810;9741;9674;9019;9157;9050;8806;8720;9143;9075;9011;8894;8837;8338;8258;8181
2906501;Candeias;Metropolitano de Salvador;77829;78643;79507;81319;82323;83295;78618;81306;81699;83648;84121;89419;88308;88806;89271;89707;86677;87076;87458
2906600;Candiba;Sertão Produtivo;12063;12022;11974;11875;11820;11766;12352;12766;12821;13271;13329;14527;14599;14667;14732;14792;14268;14319;14368
2906709;Cândido Sales;Sudoeste Baiano;29024;29557;30040;31055;31616;32160;26727;27327;27180;27747;25711;27057;26952;26855;26760;26674;25332;25189;25053
2906808;Cansanção;Sisal;32107;32167;32269;32483;32601;32716;32789;33920;34093;32982;33054;35029;35135;35235;36105;36191;34784;34834;34882
2906824;Canudos;Sertão do São Francisco;13758;13761;13761;13760;13760;13760;14656;15229;15366;15839;15941;16956;17070;17177;17222;17316;16752;16668;16753
2906857;Capela do Alto Alegre;Bacia do Jacuípe;11233;10795;10283;9208;8613;8036;12311;12748;12824;11506;11485;12128;12123;12118;12203;12199;11660;11637;11616
2906873;Capim Grosso;Bacia do Jacuípe;24361;24802;25217;26088;26570;27037;25823;26877;27158;26826;27067;28853;29107;29346;31181;31392;30451;30662;30862
2906899;Caraíbas;Sudoeste Baiano;17250;17362;12448;12641;9612;9165;10541;10659;10495;10048;9879;10292;10150;10016;9890;9773;9107;8951;8801
2906907;Caravelas;Extremo Sul;20246;20361;20481;20733;20872;21007;21150;21945;22115;21515;21612;22328;22442;22548;22646;22740;21937;22016;22093
2907004;Cardeal da Silva;Litoral Norte e Agreste Baiano;8234;8378;8537;8872;9058;9237;8280;8570;8618;8966;9030;9611;9681;9747;9809;9544;9240;9295;9346
2907103;Carinhanha;Velho Chico;27327;27631;27798;28148;28341;28529;28879;29988;30240;28451;28519;29768;29864;29955;30041;30118;28965;29018;29070
2907202;Casa Nova;Sertão do São Francisco;56689;57601;58469;60292;61301;62279;62862;65747;66718;65647;66331;70796;71504;72172;72798;73382;71366;71969;72545
2907301;Castro Alves;Recôncavo;25111;25306;25188;24939;24802;24668;24437;25052;24978;25483;25555;27097;27194;27286;27161;27238;26209;26264;26318
2907400;Catolândia;Bacia do Rio Grande;3064;3054;3036;2999;2978;2958;3767;3972;4059;2632;3215;3420;3644;3672;3695;3669;3555;3577;3599
2907509;Catu;Litoral Norte e Agreste Baiano;47127;47426;47748;48425;48799;49162;48697;50470;50809;51411;51734;55021;55380;55719;56037;56459;54424;54704;54970
2907558;Caturama;Bacia do Paramirim;8941;8911;8840;8689;8562;8482;8545;8749;8713;8830;8817;9760;9762;9762;9764;9764;9340;9329;9316
2907608;Central;Irecê;16616;16517;16389;16121;15973;15829;17320;17928;18029;17035;17057;18061;18101;18140;17935;17969;17252;17266;17280
2907707;Chorrochó;Itaparica;10241;10291;10346;10462;10527;10589;10571;10952;11022;10765;10794;11444;11484;11522;11558;11591;11154;11177;11200
2907806;Cícero Dantas;Semiárido Nordeste II;31387;31719;32084;32849;33273;33683;30827;31774;31832;32387;32470;34424;34540;34478;34581;34676;33356;32515;32576
2907905;Cipó;Semiárido Nordeste II;14520;14708;14905;15317;15546;15767;15063;15634;15758;15821;15884;16860;16938;17602;17673;17739;17097;17300;17352
2908002;Coaraci;Litoral Sul;28057;27176;26863;26204;25840;25486;22764;22812;22274;20442;19937;20620;20183;19770;19383;19022;17458;16993;16549
2908101;Cocos;Bacia do Rio Corrente;17840;17954;18113;18446;18631;18810;17394;17908;17923;18195;18235;19281;19340;19396;19449;19498;18746;18777;18807
2908200;Conceição da Feira;Portal do Sertão;17701;17818;17960;18256;18421;18580;19091;19891;20117;20612;20826;22226;22448;22656;22840;23024;22392;22581;22762
2908309;Conceição do Almeida;Recôncavo;18905;18990;19026;19102;19144;19185;17684;18076;17974;17796;17705;18644;18583;18525;18278;18229;17332;17247;17165
2908408;Conceição do Coité;Sisal;56757;57154;57543;58358;58810;59248;60835;63318;62893;62545;63033;67126;67651;68146;67875;68303;66191;66612;67013
2908507;Conceição do Jacuípe;Portal do Sertão;26585;26886;27207;27881;28255;28616;27522;28552;28769;30425;30717;32761;33066;33354;33624;33876;32909;33153;33398
2908606;Conde;Litoral Norte e Agreste Baiano;20934;21326;21744;22620;23106;23576;22034;22929;23166;23866;24103;25714;25961;26194;26412;26371;25630;25837;26035
2908705;Condeúba;Sudoeste Baiano;18066;18078;18093;18123;18140;18157;17004;17000;17210;16842;17421;18359;18312;18269;18229;18191;17319;17247;17178
2908804;Contendas do Sincorá;Sertão Produtivo;4208;4159;4110;4008;3951;3896;3857;3924;3886;4638;4613;4354;4340;4326;4312;4299;4086;4066;4045
2908903;Coração de Maria;Portal do Sertão;24042;24214;24397;24783;24996;25203;23161;23797;23774;22273;22149;23314;23228;23146;23961;23896;22719;22605;22495
2909000;Cordeiros;Sudoeste Baiano;7793;7673;7432;6925;6645;6373;8518;8826;8883;8205;8245;8752;8795;8834;8870;8904;8585;8614;8642
2909109;Coribe;Bacia do Rio Corrente;15258;15354;15450;15651;15763;15871;14555;14931;14895;14258;14210;15024;15000;14976;14954;14933;14240;14194;14149
2909208;Coronel João Sá;Semiárido Nordeste II;20059;20198;20445;20964;21251;21530;18168;18540;18408;16855;16650;17422;17256;17098;16951;16814;15801;15895;15717
2909307;Correntina;Bacia do Rio Corrente;30896;31125;31377;31906;32198;32482;31658;32784;32980;31324;31397;32980;33084;33183;33275;33361;32081;32137;32191
2909406;Cotegipe;Bacia do Rio Grande;13406;13562;13649;13833;13934;14032;13663;14127;14191;13625;13614;14390;14396;14403;14409;14414;13796;13782;13769
2909505;Cravolândia;Vale do Jiquiriçá;5016;5060;5088;5145;5177;5208;5427;5651;5713;5045;5048;5341;5552;5560;5568;5576;5349;5349;5351
2909604;Crisópolis;Litoral Norte e Agreste Baiano;19259;19512;19733;20196;20452;20701;19510;20179;20279;20124;20199;21435;21529;21617;21700;21835;21040;21103;21163
2909703;Cristópolis;Bacia do Rio Grande;12607;12664;12665;12668;12669;12670;13595;14140;14279;13328;13374;14189;14247;14302;14354;14403;13872;13910;13947
2909802;Cruz das Almas;Recôncavo;53939;54562;55264;56738;57554;58345;54827;56766;57098;59045;59470;63299;63761;64197;64552;64932;62871;63239;63591
2909901;Curaçá;Sertão do São Francisco;29953;29671;30057;30866;31313;31747;32449;33929;34421;32403;32631;34725;34974;35208;35320;35524;34389;34700;34886
2910008;Dário Meira;Médio Rio de Contas;15439;15583;15750;16102;16296;16485;12565;12611;12331;12609;12217;12721;12190;12022;11864;11716;10906;10710;10525
2910057;Dias d'Ávila;Metropolitano de Salvador;47037;48294;49668;52553;54150;55698;53821;56600;57708;68061;69628;75103;76624;78058;79401;80657;79685;81089;82432
2910107;Dom Basílio;Sertão Produtivo;10513;10574;10642;10785;10864;10940;11087;11518;11620;11405;11454;12379;12441;12499;12553;12604;12155;12199;12240
2910206;Dom Macedo Costa;Recôncavo;3728;3715;3700;3668;3650;3633;3809;3936;3951;3884;3894;4127;4140;4153;4201;4212;4050;4058;4065
2910305;Elísio Medrado;Vale do Jiquiriçá;7850;7864;7866;7871;7873;7875;7907;8159;8183;7954;7961;8426;8420;8434;8448;8461;8119;8122;8126
2910404;Encruzilhada;Sudoeste Baiano;34293;35357;36486;38856;40168;41439;22525;21875;20720;23968;22478;21418;20859;20331;19837;19376;17593;17006;16446
2910503;Entre Rios;Litoral Norte e Agreste Baiano;38717;39574;40530;42538;43650;44727;38886;40276;40524;40029;40180;42640;42828;43006;43172;43223;41654;41780;41901
2910602;Esplanada;Litoral Norte e Agreste Baiano;27714;28077;28470;29295;29752;30194;31118;32593;33115;33217;33618;35930;36339;36724;37085;37845;36882;37237;37578
2910701;Euclides da Cunha;Semiárido Nordeste II;54106;54321;54524;54949;55184;55412;56625;58746;59193;56631;56962;60558;60932;61228;61618;61924;59842;60585;60858
2910727;Eunápolis;Costa do Descobrimento;86115;86976;88302;91085;92625;94118;93984;98194;99553;101432;102628;110803;112032;113191;114275;115290;112318;113380;114396
2910750;Fátima;Semiárido Nordeste II;18370;18427;18487;18614;18683;18751;18918;19588;19703;17603;17555;18524;18502;18481;18461;18443;17601;17890;17845
2910776;Feira da Mata;Velho Chico;6245;6212;6202;6180;6167;6155;6328;6537;6562;6181;6177;5908;5911;5914;5918;5922;5668;5665;5661
2910800;Feira de Santana;Portal do Sertão;490307;496625;503900;519173;527625;535820;571997;584497;591707;562466;568099;606139;612000;617528;622639;627477;609913;614872;619609
2910859;Filadélfia;Piemonte Norte do Itapicuru;17133;17236;17256;17297;17319;17341;15979;16319;16215;16706;16672;17603;17593;17583;17184;17176;16410;16377;16345
2910909;Firmino Alves;Médio Sudoeste da Bahia;5124;5096;5061;4989;4949;4910;5577;5804;5864;5401;5417;5744;5766;5786;5804;5822;5604;5617;5629
2911006;Floresta Azul;Litoral Sul;11326;11125;10897;10421;10157;9901;10333;10489;10364;10605;10657;11392;11352;11313;11279;11244;10686;10629;10575
2911105;Formosa do Rio Preto;Bacia do Rio Grande;18629;18892;19172;19760;20086;20402;20845;21827;22171;22854;23169;24799;25074;25372;25652;25912;25311;25591;25857
2911204;Gandu;Baixo Sul;27244;27307;27375;27519;27598;27675;30091;31410;31819;30580;30816;32814;33097;32809;33030;33234;32202;32403;32596
2911253;Gavião;Bacia do Jacuípe;4513;4303;4075;3599;3335;3079;4444;4537;4507;4535;4510;4747;4729;4712;4740;4725;4487;4463;4440
2911303;Gentio do Ouro;Irecê;10054;9979;9890;9701;9597;9495;11326;11829;11988;10657;10690;11338;11381;11423;11603;11639;11206;11233;11259
2911402;Glória;Itaparica;14778;14926;15096;15454;15652;15843;13879;14223;14176;15096;15114;16003;16039;16072;15810;15840;15208;15221;15234
2911501;Gongogi;Médio Rio de Contas;10637;10853;11006;11328;11506;11679;6845;6581;6170;8191;8031;8325;8212;8082;7961;7848;7276;7128;6985
2911600;Governador Mangabeira;Recôncavo;17078;17019;16951;16809;18916;18883;19828;20539;20668;19873;19926;21125;21198;21267;21435;21495;20679;20722;20762
2911659;Guajeru;Sudoeste Baiano;13429;13741;14161;15043;15531;16004;7062;9216;9330;10039;9182;9388;9087;8805;8322;8081;7239;6937;6646
2911709;Guanambi;Sertão Produtivo;72479;73019;73618;74876;75572;76247;76230;79190;79886;79394;79936;84645;85237;85797;86320;86808;84014;84481;84928
2911808;Guaratinga;Costa do Descobrimento;24173;24083;23973;23743;23616;23493;22621;23105;22960;22000;21840;22583;22465;22355;22251;22154;20991;20843;20700
2911857;Heliópolis;Semiárido Nordeste II;13322;13472;13642;13997;14193;14384;14020;14575;14713;13145;13099;13812;13786;13762;13739;13718;13076;13031;12987
2911907;Iaçu;Piemonte do Paraguaçu;28732;29014;29251;29751;30027;30295;27835;28616;28602;25524;25319;26591;26382;26178;26012;25884;24496;24305;24121
2912004;Ibiassucê;Sertão Produtivo;12942;13024;13114;13305;13411;13513;9507;9372;9008;9831;9607;10866;10679;10502;10337;10183;9427;9224;9031
2912103;Ibicaraí;Litoral Sul;28647;28504;28338;27989;27797;27610;24752;24989;24569;23910;23560;24595;24303;24029;23770;23529;22014;21689;21378
2912202;Ibicoara;Chapada Diamantina;15154;15658;16217;16373;16985;17578;15856;16643;16940;17548;17805;19071;19309;19548;19578;19786;19346;19571;19786
2912301;Ibicuí;Médio Sudoeste da Bahia;15052;15022;14973;14869;14811;14756;15777;16353;16464;15830;15650;16582;16640;16696;16748;16796;16162;16198;16230
2912400;Ibipeba;Irecê;15135;13108;14719;14291;14054;13825;16762;17466;17666;17145;17277;18398;18540;18674;18563;18678;18097;18211;18319
2912509;Ibipitanga;Bacia do Paramirim;13437;13456;13473;13508;13528;13547;13841;14327;14408;14229;14285;15162;15231;15296;15356;15413;14856;14902;14947
2912608;Ibiquera;Piemonte do Paraguaçu;4336;4212;4081;3806;3654;3506;5007;5229;5300;4870;4874;5158;5149;5158;4207;4214;4043;4044;4046
2912707;Ibirapitanga;Baixo Sul;21584;21208;20758;19813;19291;18784;23197;24052;24223;22641;22683;24059;24118;24180;24238;24293;23343;23375;23404
2912806;Ibirapuã;Extremo Sul;6945;6845;6728;6483;6348;6217;7534;7825;7893;8023;8086;8603;8671;8735;8796;8852;8581;8637;8690
2912905;Ibirataia;Médio Rio de Contas;24974;25172;25372;25791;26023;26249;23940;24582;24544;18443;17959;18546;18348;17947;17573;17221;15760;15312;14882
2913002;Ibitiara;Chapada Diamantina;14101;13903;13653;13127;12836;12554;15802;16471;16665;15590;15669;16647;16614;16699;16779;16855;16272;16339;16403
2913101;Ibititá;Irecê;17964;18035;18096;18223;18293;18362;18614;19286;19410;17801;17763;18752;18740;18727;17957;17948;17150;17113;17080
2913200;Ibotirama;Velho Chico;24241;24334;24420;24600;24700;24796;25292;26228;26419;25522;25617;27285;27405;27655;27762;27862;26846;26927;27003
2913309;Ichu;Sisal;5228;4961;4668;4052;3712;3381;5881;6101;6148;5269;5908;6265;6288;6311;6418;6437;6194;6206;6220
2913408;Igaporã;Velho Chico;14629;14661;14709;14810;14866;14920;14499;14944;14970;15222;15238;16159;16193;16225;16255;16283;15630;15640;15650
2913457;Igrapiúna;Baixo Sul;15217;15437;15658;16122;16379;16628;13246;13436;13268;13183;13028;13636;14509;14395;14288;14187;13367;13226;13091
2913507;Iguaí;Médio Sudoeste da Bahia;25370;25586;25796;26237;26481;26717;27849;29070;29449;25768;26053;27615;27704;27787;27865;27939;26868;26916;26963
2913606;Ilhéus;Litoral Sul;221654;221786;221627;221294;221110;220932;220144;219710;219266;185801;187315;184616;182350;180213;178210;176341;164844;162327;159923
2913705;Inhambupe;Litoral Norte e Agreste Baiano;30027;30391;30763;31545;31977;32397;34388;36084;36719;36822;37321;39938;40441;40915;40908;40453;39499;39926;40333
2913804;Ipecaetá;Portal do Sertão;18615;18805;19001;19413;19640;19861;16055;15694;15888;15176;15025;15753;15634;15521;15596;15499;14625;14487;14354
2913903;Ipiaú;Médio Rio de Contas;43389;43279;43121;42788;42604;42425;42561;43749;43723;44465;44538;47178;47388;47501;47606;47704;45823;45873;45922
2914000;Ipirá;Bacia do Jacuípe;61596;61551;61461;61271;61166;61064;60043;61439;62197;59169;59001;62253;62172;62095;62697;62631;59763;59595;59435
2914109;Ipupiara;Irecê;8598;8648;8697;8801;8859;8914;8931;9259;9325;9343;9398;9992;10054;10113;10107;10157;9817;9865;9911
2914208;Irajuba;Vale do Jiquiriçá;6363;6364;6364;6366;6367;6368;7215;7550;7666;7024;7046;7471;7443;7472;7497;7521;7243;7260;7279
2914307;Iramaia;Chapada Diamantina;17501;17627;17662;17735;17775;17814;15134;15291;15045;11564;11150;11412;10809;10487;10184;9901;8893;8537;8197
2914406;Iraquara;Chapada Diamantina;18491;18613;18743;19015;19166;19312;22607;23867;24415;22929;23246;24882;24712;25006;25279;25536;24942;25216;25478
2914505;Irará;Portal do Sertão;25329;25435;25562;25827;25974;26116;25012;25771;25811;27643;27814;29579;29770;29950;29723;29879;28892;29034;29173
2914604;Irecê;Irecê;58152;58810;59447;60785;61526;62244;62676;65310;66061;66865;67527;72041;72730;73380;73915;74483;72386;72967;73524
2914653;Itabela;Costa do Descobrimento;26221;26777;27255;28259;28815;29353;25821;26636;26704;28593;28790;30636;30852;31055;31244;31422;30413;30584;30747
2914703;Itaberaba;Piemonte do Paraguaçu;59503;60037;60545;61611;62201;62774;59393;61302;61490;61838;62037;65806;66065;66310;66592;66806;64325;64489;64646
2914802;Itabuna;Litoral Sul;197829;199073;200186;202523;203816;205070;210604;212245;213656;205286;205885;218124;218925;219680;220386;221046;212740;213223;213685
2914901;Itacaré;Litoral Sul;18065;18055;18024;17960;17925;17891;24720;26348;27170;24794;25254;26753;27198;27619;28013;28382;27891;28296;28684
2915007;Itaeté;Chapada Diamantina;13738;13945;13917;13857;13824;13792;14154;14614;14664;14995;15063;15996;16370;16446;16519;16586;15999;16056;16110
2915106;Itagi;Médio Rio de Contas;14637;14645;14652;14667;14676;14684;13882;14217;14162;12926;12805;13433;13448;13359;13276;13199;12462;12351;12242
2915205;Itagibá;Médio Rio de Contas;16856;16618;16352;15793;15484;15184;16272;16659;16590;15053;15088;15829;15871;15767;15669;15577;14712;14579;14452
2915304;Itagimirim;Costa do Descobrimento;7693;7695;7679;7646;7628;7611;7049;7181;7118;7061;7013;7420;7384;7351;7319;7291;6914;6869;6825
2915353;Itaguaçu da Bahia;Irecê;10889;10567;10223;9500;9101;8713;12545;13097;13269;13350;13487;14392;14533;14667;14604;14718;14311;14429;14542
2915403;Itaju do Colônia;Litoral Sul;8429;8329;8212;7968;7833;7701;7673;7794;7706;7212;7118;7507;7428;7353;7284;7218;6770;6682;6596
2915502;Itajuípe;Litoral Sul;22213;22002;21765;21269;20995;20729;20343;20695;20490;20978;20878;21884;21817;21754;21697;21642;20587;20491;20398
2915601;Itamaraju;Extremo Sul;63999;64109;64093;64060;64041;64023;65327;67517;67803;63053;63037;67128;67191;67249;67305;67356;64521;64486;64455
2915700;Itamari;Médio Rio de Contas;8262;8245;8198;8099;8044;7991;8468;8747;8781;7869;7836;8259;8534;8514;8495;8476;8069;8035;8003
2915809;Itambé;Médio Sudoeste da Bahia;31700;32312;32991;34415;35204;35968;33687;35106;35512;22828;22650;23723;23520;23327;23147;24901;23358;23049;22754
2915908;Itanagra;Litoral Norte e Agreste Baiano;6459;6542;6622;6789;6882;6972;6605;6841;6884;7594;7590;8023;8029;8034;8038;6730;6445;6441;6436
2916005;Itanhém;Extremo Sul;21029;20936;20751;20364;20149;19941;20636;21188;21154;20114;20015;20735;20671;20611;20554;20501;19499;19405;19316
2916104;Itaparica;Metropolitano de Salvador;19420;19763;20143;20941;21382;21810;19897;20641;20796;20862;20994;22329;22476;22615;22744;22866;22114;22228;22337
2916203;Itapé;Litoral Sul;14525;14428;14329;14123;14009;13899;11123;11013;10630;10711;10436;10682;10448;10228;10022;9830;9008;8761;8526
2916302;Itapebi;Costa do Descobrimento;11100;11136;11141;11151;11156;11161;11520;11931;12003;10446;10398;10942;10910;10882;10856;10830;10306;10259;10215
2916401;Itapetinga;Médio Sudoeste da Bahia;58331;58868;59303;60217;60722;61212;63243;65904;66665;69067;69903;74652;75440;76184;76881;77533;75470;76147;76795
2916500;Itapicuru;Litoral Norte e Agreste Baiano;27615;27833;28074;28579;28859;29130;30703;32100;32563;32641;33008;35255;35632;35987;36320;36211;35256;35576;35883
2916609;Itapitanga;Litoral Sul;10361;10363;10354;10335;10324;10314;10106;10385;10376;10194;10181;10799;10799;10800;10799;10799;10328;10313;10298
2916708;Itaquara;Vale do Jiquiriçá;7937;8004;8071;8210;8288;8363;7564;7761;7743;7715;7751;8231;8480;8519;8557;8592;8288;8319;8347
2916807;Itarantim;Médio Sudoeste da Bahia;15690;16861;16833;16773;16739;16707;17615;18254;18375;18664;18651;19837;19968;20091;20206;20314;19646;19747;19843
2916856;Itatim;Piemonte do Paraguaçu;13010;13260;13520;14065;14367;14660;14569;15266;15516;13775;13841;14700;14691;14763;14895;14957;14432;14487;14539
2916906;Itiruçu;Vale do Jiquiriçá;13714;13788;13882;14079;14188;14294;15764;16538;16827;12640;12589;13267;13336;13307;13280;13254;12624;12576;12528
2917003;Itiúba;Sisal;35691;35783;35894;36128;36257;36383;35749;36890;36996;36157;36200;38330;38413;38492;37500;37567;36063;36089;36116
2917102;Itororó;Médio Sudoeste da Bahia;19653;19649;19580;19434;19354;19275;20165;20841;20930;19928;19942;21106;21143;21178;21210;21241;20375;20382;20388
2917201;Ituaçu;Sertão Produtivo;17392;17515;17629;17584;17715;17842;17939;18621;18772;18216;18302;19211;19311;19406;19494;19577;18889;18962;19030
2917300;Ituberá;Baixo Sul;24530;24886;25236;25970;26376;26770;23530;24185;24169;26764;26930;28639;28934;29108;29273;29428;28457;28602;28740
2917334;Iuiú;Sertão Produtivo;10441;10415;10381;10308;10268;10230;11469;11954;12093;10932;10963;11253;11294;11331;11366;11399;10969;10994;11016
2917359;Jaborandi;Bacia do Rio Corrente;10067;9993;9855;9568;9408;9254;8931;9032;8895;8849;8728;9417;9318;9225;9138;9056;8496;8385;8277
2917409;Jacaraci;Sudoeste Baiano;13464;13432;13391;13305;13257;13211;14346;14656;14837;13664;14500;15350;15380;15409;15435;15459;14834;14842;14850
2917508;Jacobina;Piemonte da Diamantina;76418;76487;76484;76479;76476;76473;76463;78842;79013;79417;79580;84328;84577;84811;83435;83635;80394;80518;80635
2917607;Jaguaquara;Vale do Jiquiriçá;47476;48146;48854;50340;51163;51960;46641;48097;48206;51328;51635;54902;55127;55449;55751;56033;54163;54423;54673
2917706;Jaguarari;Piemonte Norte do Itapicuru;26935;26627;26263;25499;25076;24666;29097;30222;30484;30560;30769;32740;32969;33186;34304;34499;33385;33570;33746
2917805;Jaguaripe;Baixo Sul;13359;10870;10837;13387;13378;13370;16207;17074;17435;16701;16927;18114;18432;18647;18849;19036;18588;18788;18981
2917904;Jandaíra;Litoral Norte e Agreste Baiano;10253;10406;10582;10952;11156;11354;9758;10027;10018;10355;10377;10997;11031;11063;11092;11120;10691;10709;10726
2918001;Jequié;Médio Rio de Contas;147403;147713;147951;148449;148724;148992;145964;150351;150541;152138;152372;161391;161150;161528;161880;162209;155800;155966;156126
2918100;Jeremoabo;Semiárido Nordeste II;34469;34173;33828;33103;32703;32314;37431;38924;39302;37926;38163;40587;40851;41100;41387;41605;40232;40463;40651
2918209;Jiquiriçá;Vale do Jiquiriçá;13841;14033;14216;14600;14813;15019;13386;13771;13772;14147;14096;14936;14993;15033;15071;15106;14516;14537;14557
2918308;Jitaúna;Médio Rio de Contas;21010;21103;21125;21171;21197;21222;16839;16816;16365;13691;13280;13667;13636;13300;12985;12692;11540;11166;10808
2918357;João Dourado;Irecê;18934;18916;18892;18842;18814;18787;20834;21726;21990;22812;23066;24633;24894;25141;25431;25646;24964;25188;25402
2918407;Juazeiro;Sertão do São Francisco;179667;184204;188676;198065;203261;208299;230538;237627;243896;199761;201499;214748;216588;218324;220253;221773;215183;216707;218162
2918456;Jucuruçu;Extremo Sul;11906;11612;11257;10512;10100;9700;10599;10698;10516;10129;9972;10403;10272;10148;10032;9924;9272;9126;8988
2918506;Jussara;Irecê;15437;15620;15751;16025;16177;16324;14833;15229;15204;15028;15004;15848;15844;15841;16006;16006;15307;15284;15262
2918555;Jussari;Litoral Sul;7421;7364;7274;7087;6983;6883;6857;6980;6914;6397;6322;6493;6434;6378;6324;6275;5902;5833;5768
2918605;Jussiape;Chapada Diamantina;10028;10014;9996;11421;11440;11460;8465;8356;8043;7778;7533;7741;7429;7229;7239;7066;6406;6186;5976
2918704;Lafaiete Coutinho;Vale do Jiquiriçá;3978;3887;3787;3577;3461;3349;3526;3561;3502;3865;3830;4017;4046;4020;3996;3975;3757;3724;3693
2918753;Lagoa Real;Sertão Produtivo;12978;13141;13316;13682;13885;14081;13795;14359;14510;14063;14187;15542;15676;15801;15920;16029;15555;15665;15770
2918803;Laje;Vale do Jiquiriçá;19738;19871;19996;20259;20404;20545;21104;21957;22180;22444;22679;24207;23682;23904;24112;24306;23638;23840;24032
2918902;Lajedão;Extremo Sul;3353;3323;3283;3199;3153;3108;3469;3585;3599;3758;3782;3971;3997;4022;4046;4068;3934;3955;3975
2919009;Lajedinho;Piemonte do Paraguaçu;4122;3958;3775;3391;3179;2973;4329;4461;4468;3908;3881;4079;3993;3974;4032;4017;3808;3783;3758
2919058;Lajedo do Tabocal;Vale do Jiquiriçá;8290;8442;8600;8933;9117;9296;8591;8923;8999;8326;8346;8847;8810;8836;8862;8886;8546;8562;8577
2919108;Lamarão;Sisal;9432;9365;9291;9137;9052;8969;11988;12682;12995;9413;9271;9673;9554;9442;9099;9007;8430;8307;8191
2919157;Lapão;Irecê;25153;25529;25902;26684;27117;27536;25557;26461;26616;25717;25785;27338;27432;27521;28166;28244;27170;27223;27274
2919207;Lauro de Freitas;Metropolitano de Salvador;118678;122858;127182;136258;141280;146150;144492;153016;156936;167309;171042;184383;188013;191436;194641;197636;195095;198440;201635
2919306;Lençóis;Chapada Diamantina;9055;9189;9318;9590;9741;9887;9617;10008;10112;10480;10589;11300;11340;11445;11544;11636;11315;11409;11499
2919405;Licínio de Almeida;Sudoeste Baiano;12108;11983;11813;11456;11259;11067;12695;13135;13205;12295;12268;12962;12965;12966;12967;12969;12406;12388;12373
2919504;Livramento de Nossa Senhora;Sertão Produtivo;38433;38799;39159;39913;40331;40735;42146;43994;44568;43110;43514;45236;45647;46035;46399;46739;45388;45732;46062
2919553;Luís Eduardo Magalhães;Bacia do Rio Grande;19212;19778;20319;21454;22081;22690;44265;48977;52054;63290;66371;73061;76420;79162;81730;83557;84753;87519;90162
2919603;Macajuba;Piemonte do Paraguaçu;11571;11683;11781;11984;12097;12207;11207;11522;11517;11215;11201;11835;11836;11837;11878;11879;11364;11348;11332
2919702;Macarani;Médio Sudoeste da Bahia;14646;14707;14759;14870;14930;14990;16046;16735;16940;17285;17253;18419;18608;18786;18954;19110;18592;18755;18909
2919801;Macaúbas;Bacia do Paramirim;42467;43120;43824;45301;45819;46606;45958;47991;48633;47490;47915;49436;49861;50262;50637;50987;49474;49826;50161
2919900;Macururé;Itaparica;8790;9000;9179;9557;9766;9969;7779;7913;7834;8032;7992;8417;8390;8365;8288;8266;7862;7824;7787
2919926;Madre de Deus;Metropolitano de Salvador;12499;12636;12915;13500;13823;14137;15432;16354;16783;17786;18183;19600;19985;20348;20689;21007;20737;21093;21432
2919959;Maetinga;Sudoeste Baiano;14060;14378;14699;15372;15745;16107;8793;8432;7884;6554;6048;5972;5561;5174;4796;4456;3577;3161;2764
2920007;Maiquinique;Médio Sudoeste da Bahia;6791;7219;7170;7066;7008;6953;8324;8713;8848;8894;9229;9864;9976;10082;10183;10274;10016;10112;10206
2920106;Mairi;Bacia do Jacuípe;19992;19941;19874;19734;19656;19581;19259;19752;19700;19243;19163;20194;20144;20097;19736;19695;18753;18676;18602
2920205;Malhada;Velho Chico;15656;15699;15738;15821;15867;15912;16085;16647;16739;16037;16058;17375;17416;17455;17491;17526;16830;16845;16861
2920304;Malhada de Pedras;Sertão Produtivo;8565;8667;8779;9014;9145;9271;7620;7753;7677;8428;8389;8942;8918;8896;8875;8856;8430;8393;8359
2920403;Manoel Vitorino;Médio Rio de Contas;16667;16636;16605;16539;16503;16468;14262;14389;14138;14221;13948;14600;14618;14488;14364;14251;13397;13240;13087
2920452;Mansidão;Bacia do Rio Grande;11135;11205;11279;11434;11520;11603;11694;12142;12244;12707;12759;13598;13652;13761;13864;13959;13546;13643;13734
2920502;Maracás;Vale do Jiquiriçá;32159;32636;33078;34007;34520;35019;34221;35617;35990;24822;25024;24491;24156;23751;23373;23018;21295;20834;20393
2920601;Maragogipe;Recôncavo;40508;40630;40777;41085;41256;41421;42079;43620;43921;42967;43114;45740;45928;46106;46106;46260;44555;44677;44793
2920700;Maraú;Litoral Sul;18450;18549;18634;18812;18911;19007;17029;17386;17270;19158;19212;21016;21098;21175;21246;21313;20518;20570;20617
2920809;Marcionílio Souza;Chapada Diamantina;10416;10168;9886;9294;8967;8649;10716;11043;11061;10473;10447;11026;10962;10951;10941;10931;10434;10406;10380
2920908;Mascote;Litoral Sul;15691;15233;14835;13997;13534;13084;16061;16557;16590;14520;14257;15221;15131;14877;14800;14728;13931;13822;13717
2921005;Mata de São João;Metropolitano de Salvador;32800;32996;33194;33611;33842;34065;37201;38962;39585;40866;41527;44538;45194;45813;46392;46998;46014;46583;47126
2921054;Matina;Velho Chico;10375;10527;10659;10937;11091;11240;12322;12976;13245;11246;11342;12114;12217;12314;12404;12488;12116;12201;12283
2921104;Medeiros Neto;Extremo Sul;20980;20851;20673;20299;20092;19892;21866;22629;22752;21602;21642;23358;23420;23478;23535;23586;22659;22688;22716
2921203;Miguel Calmon;Piemonte da Diamantina;28682;28900;29193;30295;30618;30931;27213;27850;27724;26329;26188;27569;27627;27536;27600;27520;26159;26023;25894
2921302;Milagres;Vale do Jiquiriçá;12447;12650;12920;13488;13802;14106;11771;12100;12092;11057;10994;11569;11700;11659;11621;11585;11009;10950;10893
2921401;Mirangaba;Piemonte da Diamantina;14206;14179;14141;14061;14017;13974;17474;18436;18849;16445;16606;17714;17881;18039;18588;18729;18195;18338;18474
2921450;Mirante;Sudoeste Baiano;14380;14818;15353;16476;17097;17700;9174;8876;8375;10265;9902;10270;10081;9902;9735;9578;8844;8641;8447
2921500;Monte Santo;Sisal;54655;55240;55560;56231;56602;56962;52249;53577;53429;52178;52023;54884;54807;54733;52015;51953;49565;49418;49278
2921609;Morpará;Velho Chico;8738;8847;8962;9205;9340;9470;8586;8853;8871;8256;8233;8987;8977;8967;8958;8950;8542;8519;8497
2921708;Morro do Chapéu;Chapada Diamantina;34808;35068;35334;35894;36203;36503;34012;35009;35031;35208;35251;37326;36641;36717;36789;36856;35383;35413;35440
2921807;Mortugaba;Sudoeste Baiano;12556;12533;12503;12439;12404;12370;13905;14508;14692;12496;11729;12421;12450;12477;12505;12529;12031;12042;12052
2921906;Mucugê;Chapada Diamantina;14085;14386;14713;15400;15780;16148;14131;14629;14714;10342;10145;10568;10400;10244;10096;9957;9244;9062;8889
2922003;Mucuri;Extremo Sul;29291;30262;31283;33427;34613;35763;33143;34836;35501;36638;37229;39927;40514;41068;41587;42072;41221;41748;42251
2922052;Mulungu do Morro;Irecê;15286;15409;15544;15826;15982;16134;13755;14006;13879;11992;11743;12191;12398;12200;12159;11988;11114;10889;10673
2922102;Mundo Novo;Piemonte do Paraguaçu;20087;19257;18321;16357;15270;14217;23822;24895;25245;24635;24867;26518;26935;27165;27165;27364;26575;26776;26970
2922201;Muniz Ferreira;Recôncavo;7022;7080;7145;7280;7355;7428;6990;7214;7236;7346;7374;7825;7860;7893;7650;7678;7399;7422;7443
2922250;Muquém de São Francisco;Velho Chico;9151;9219;9297;9460;9550;9638;10096;10547;10691;10354;10433;11465;11552;11495;11571;11644;11280;11348;11417
2922300;Muritiba;Recôncavo;31404;31930;32526;33779;32286;32915;27212;27866;27755;28922;28944;30635;30691;30743;30585;30631;29387;29399;29410
2922409;Mutuípe;Vale do Jiquiriçá;20458;20456;20453;20447;20444;20441;21181;21935;22066;21530;21608;22928;22742;22833;22917;22998;22156;22221;22282
2922508;Nazaré;Recôncavo;26428;26451;26492;26576;26622;26668;26506;27350;27427;27366;27454;29122;29297;29406;29450;29546;28451;28525;28594
2922607;Nilo Peçanha;Baixo Sul;11070;10986;10881;10660;10538;10420;12531;13092;13274;12632;12729;13555;14119;14188;14279;14368;13914;13997;14079
2922656;Nordestina;Sisal;12102;12323;12566;13075;13357;13630;12172;12599;12670;12415;12458;13216;13270;13321;13552;13597;13095;13130;13164
2922706;Nova Canaã;Médio Sudoeste da Bahia;15558;15692;15844;16162;16338;16508;18829;19866;20311;16731;16070;17013;17048;17082;17113;17141;16451;16462;16472
2922730;Nova Fátima;Bacia do Jacuípe;7155;6924;6640;6044;5713;5394;7674;7930;7964;7616;7630;8083;8105;8125;8101;8119;7802;7812;7821
2922755;Nova Ibiá;Médio Rio de Contas;6732;6464;6138;5454;5076;4709;6871;7047;7029;6609;6570;6913;7063;7036;7010;6986;6631;6591;6554
2922805;Nova Itarana;Vale do Jiquiriçá;6682;6583;6578;6569;6564;6560;7423;7762;7875;7500;7563;8058;8192;8312;8372;8428;8172;8226;8279
2922854;Nova Redenção;Chapada Diamantina;8377;8282;8118;7773;7582;7397;8943;9262;9318;8044;8053;8527;9453;9470;9485;9500;9115;9118;9123
2922904;Nova Soure;Semiárido Nordeste II;24329;24348;24322;24267;24236;24207;25697;26666;26874;24202;24265;25725;25813;25854;25931;25460;24493;26947;26998
2923001;Nova Viçosa;Extremo Sul;32857;33445;34080;35414;36152;36868;34623;36032;36407;39054;39535;42265;42754;43216;43648;44052;42950;43376;43783
2923035;Novo Horizonte;Chapada Diamantina;8262;8148;7984;7639;7448;7263;10304;10860;11092;10840;11001;11786;12085;12238;12381;12514;12241;12385;12522
2923050;Novo Triunfo;Semiárido Nordeste II;13941;14129;14375;14891;15177;15454;14153;14666;14763;15059;15067;15943;15969;15993;16016;16037;15380;15440;15443
2923100;Olindina;Litoral Norte e Agreste Baiano;24176;24424;24663;25164;25442;25711;23791;24516;24557;25023;25100;26620;26722;26817;26907;29227;28152;28229;28304
2923209;Oliveira dos Brejinhos;Velho Chico;21748;21789;21844;21960;22024;22086;22609;23436;23596;21822;21813;22738;22756;22774;22789;22805;21838;21825;21810
2923308;Ouriçangas;Litoral Norte e Agreste Baiano;7579;7626;7673;7772;7827;7880;7802;8081;8131;8307;8316;8804;8822;8839;8895;8916;8557;8564;8570
2923357;Ourolândia;Piemonte da Diamantina;15737;16013;16317;16957;17311;17655;16302;16933;17080;16503;16578;17603;17691;17775;17954;18025;17389;17451;17511
2923407;Palmas de Monte Alto;Sertão Produtivo;20048;20019;19983;19905;19862;19821;21107;21896;22061;20836;20894;22260;22340;22416;22487;22553;21703;21750;21796
2923506;Palmeiras;Chapada Diamantina;6997;7597;7634;7711;7754;7795;8040;8358;8437;8479;8545;9122;9066;9130;9191;9250;8961;9019;9071
2923605;Paramirim;Bacia do Paramirim;18876;18843;18807;18732;18690;19243;20055;20756;20870;21115;21226;21838;21961;22077;22184;22286;21518;21607;21695
2923704;Paratinga;Velho Chico;28107;28415;28757;29474;29871;30255;28671;29693;29874;29682;29853;32258;32452;32636;32807;32967;31853;32000;32141
2923803;Paripiranga;Semiárido Nordeste II;26658;26710;26765;26880;26944;27006;28347;29459;29727;27870;27958;29654;29769;29878;29980;30075;28956;28989;29058
2923902;Pau Brasil;Litoral Sul;12664;12389;12083;11442;11086;10742;12155;12418;12342;10684;10479;11166;11031;10905;10784;10673;9981;9831;9686
2924009;Paulo Afonso;Itaparica;97632;98578;99543;101568;102689;103776;101952;105837;106703;109310;110193;117377;118323;119214;119930;120706;117014;117782;118516
2924058;Pé de Serra;Bacia do Jacuípe;13087;12791;12448;11727;11328;10941;14160;14683;14788;13729;13707;14478;14474;14471;14229;14226;13601;13578;13556
2924108;Pedrão;Litoral Norte e Agreste Baiano;6757;6754;6749;6739;6733;6728;7238;7525;7597;6936;6993;7450;7511;7568;7486;7527;7298;7347;7394
2924207;Pedro Alexandre;Semiárido Nordeste II;17268;17406;17616;18057;18301;18538;17092;17643;17698;17020;17045;18051;18094;18135;18173;18209;17486;16667;16682
2924306;Piatã;Chapada Diamantina;19063;19118;19183;19320;19396;19470;18085;18532;18470;17417;17257;18421;18584;18473;18366;18267;17269;17123;16984
2924405;Pilão Arcado;Sertão do São Francisco;30497;30453;30332;30079;29939;29803;32844;34144;34466;33021;33176;35237;35255;35428;35590;35740;34486;35048;35175
2924504;Pindaí;Sertão Produtivo;15342;15267;15161;14939;14817;14698;15306;15759;15772;15662;15695;16708;16758;16805;16849;16889;16234;16260;16285
2924603;Pindobaçu;Piemonte Norte do Itapicuru;20416;20200;19890;19238;18878;18528;20312;20873;20854;20064;20009;21113;21087;21062;21191;21171;20204;20150;20098
2924652;Pintadas;Bacia do Jacuípe;11259;11037;11088;11195;11254;11311;10551;10831;10812;10295;10250;10798;10769;10742;11036;11012;10482;10437;10394
2924678;Piraí do Norte;Baixo Sul;10028;9724;9398;8714;8336;7969;8897;8975;8818;9816;9833;10415;9777;10360;10386;10411;10007;10023;10036
2924702;Piripá;Sudoeste Baiano;16814;17330;17888;19059;19707;20335;13515;13597;13325;12506;12219;12678;12452;12238;12035;11849;10952;10707;10475
2924801;Piritiba;Piemonte do Paraguaçu;18372;17956;17454;16400;15817;15252;24189;25612;26265;22658;22907;24462;24785;25027;25002;25211;24538;24755;24964
2924900;Planaltino;Vale do Jiquiriçá;7669;7465;7233;6748;6479;6218;8472;8802;8880;8884;8944;9516;9413;9473;9529;9582;9272;9322;9370
2925006;Planalto;Sudoeste Baiano;21420;21324;21147;20774;20567;20367;21486;22127;22151;24694;24627;26225;26436;26632;26743;26915;26092;26265;26426
2925105;Poções;Sudoeste Baiano;44928;45555;46178;47486;48210;48911;44759;46224;46390;44723;45903;48576;48655;48729;48798;48861;46862;46871;46879
2925204;Pojuca;Metropolitano de Salvador;26617;26960;27323;28085;28506;28914;30221;31687;32225;33595;34106;36551;37061;37543;37993;39718;39045;39519;39972
2925253;Ponto Novo;Piemonte Norte do Itapicuru;17141;17190;17192;17195;17197;17199;14820;14974;14734;15632;15524;16321;16242;16168;15892;15830;15012;14914;14819
2925303;Porto Seguro;Costa do Descobrimento;103155;108568;114531;127048;133976;140692;114459;120460;122896;129325;131642;141006;143282;145431;147444;149324;146625;148686;150658
2925402;Potiraguá;Médio Sudoeste da Bahia;15060;15461;15870;16729;17204;17665;10350;10123;9656;9444;9360;9574;9263;8969;8694;8438;7549;7224;6916
2925501;Prado;Extremo Sul;26810;27311;27689;28481;28920;29345;25429;26082;26016;27661;27693;29095;29158;29218;29273;29326;28152;28174;28194
2925600;Presidente Dutra;Irecê;13775;13840;13891;13999;14058;14116;13822;14264;14306;13779;13807;14629;14672;14712;15699;15734;15121;15142;15160
2925709;Presidente Jânio Quadros;Sudoeste Baiano;17375;17659;17945;18543;18874;19196;14803;14039;14212;13484;12854;13442;13307;13178;13456;13334;12505;12338;12179
2925758;Presidente Tancredo Neves;Baixo Sul;19468;19587;19672;19850;19948;20044;22684;23817;24249;24187;24517;26238;27187;27505;27803;28082;27422;27719;28004
2925808;Queimadas;Sisal;24778;24918;25060;25357;25522;25682;27186;28368;28729;24602;24602;26023;26054;26083;26525;26552;25445;25439;25433
2925907;Quijingue;Sisal;26665;26885;27121;27617;27891;28157;27068;28001;28143;27294;27357;28996;29088;28093;28556;28632;27533;27580;27626
2925931;Quixabeira;Bacia do Jacuípe;8912;8527;8092;7177;6671;9298;9348;9624;9631;9534;9514;10045;10038;10033;9414;9411;8990;8972;8956
2925956;Rafael Jambeiro;Piemonte do Paraguaçu;22575;22606;22609;22614;22618;22621;23107;23893;24004;22896;22916;24258;24305;24349;23525;23562;22610;22621;22633
2926004;Remanso;Sertão do São Francisco;36473;36652;36835;37219;37432;37639;38004;39415;39705;39165;39365;41824;42056;42275;42481;42672;41200;41008;41170
2926103;Retirolândia;Sisal;10880;10805;10765;10681;10635;10590;11938;12446;11798;12170;12281;13092;13209;13319;14627;14730;14295;14396;14495
2926202;Riachão das Neves;Bacia do Rio Grande;22173;22261;22421;22756;22941;23121;22528;23309;23431;21939;21941;23209;23237;23264;23290;23313;22343;22339;22334
2926301;Riachão do Jacuípe;Bacia do Jacuípe;30865;30375;29792;28566;27888;27231;32522;33326;33666;33222;33271;35237;35322;35403;34715;34784;33403;33436;33468
2926400;Riacho de Santana;Velho Chico;28701;28934;29069;29353;29510;29662;29425;30444;30602;30840;31027;35586;35819;36039;36246;36439;35240;35421;35593
2926509;Ribeira do Amparo;Semiárido Nordeste II;13885;13895;13891;13883;13879;13874;14101;14566;14621;14305;14333;15186;15229;15269;15308;15443;14843;14592;14612
2926608;Ribeira do Pombal;Semiárido Nordeste II;46714;47061;47429;48200;48626;49040;47400;49024;49263;47701;47877;50805;51026;51418;54773;54965;52956;53807;53956
2926657;Ribeirão do Largo;Sudoeste Baiano;15412;16223;16650;17547;18043;18524;14297;14612;14528;8675;10432;9195;8713;8260;7835;7437;6304;5812;5343
2926707;Rio de Contas;Chapada Diamantina;13914;13907;13894;13710;13695;13680;13447;13823;13816;12948;12891;13592;13653;13616;13581;13712;13048;12989;12932
2926806;Rio do Antônio;Sertão Produtivo;14784;14914;15042;15312;15461;15606;15096;14926;15110;14917;15015;15427;15530;15628;15720;15804;15289;15371;15448
2926905;Rio do Pires;Bacia do Paramirim;12043;11991;11982;11963;11953;11943;11385;11659;11612;11933;11948;12033;12060;12084;12109;12130;11645;11655;11663
2927002;Rio Real;Litoral Norte e Agreste Baiano;33906;34412;34947;36070;36691;37294;36169;37675;38095;37464;37754;40203;40515;40809;41085;41767;40475;40732;40976
2927101;Rodelas;Itaparica;6475;6673;6864;7267;7489;7705;7023;7341;7446;7912;8045;8632;8763;8887;9297;9405;9213;9331;9442
2927200;Ruy Barbosa;Piemonte do Paraguaçu;28837;28810;28710;28500;28383;28270;29358;30316;30422;29950;30010;31799;31780;31867;31933;32009;30767;30814;30857
2927309;Salinas da Margarida;Recôncavo;10554;13154;13291;10960;11090;11215;13090;13850;14194;13693;13921;14937;15171;15385;15585;15772;15463;15667;15862
2927408;Salvador;Metropolitano de Salvador;2485702;2520504;2556429;2631831;2673560;2714018;2892625;2948733;2998056;2693606;2710968;2883682;2902927;2921087;2938092;2953986;2857329;2872347;2886698
2927507;Santa Bárbara;Portal do Sertão;18057;18178;18292;18531;18663;18791;19440;20242;20461;19180;19292;20509;20635;20754;21310;21415;20694;20791;20883
2927606;Santa Brígida;Semiárido Nordeste II;17532;17663;18016;18757;19167;19564;15483;15781;15652;14876;14698;15381;15237;15100;15091;14976;14088;14213;14063
2927705;Santa Cruz Cabrália;Costa do Descobrimento;26010;27539;29234;32791;34760;36669;25110;26051;26250;26447;26623;27854;28045;28226;28394;28552;27626;27778;27922
2927804;Santa Cruz da Vitória;Médio Sudoeste da Bahia;7041;7103;7140;7216;7258;7299;6386;6502;6443;6630;6481;6808;6778;6750;6723;6698;6354;6315;6278
2927903;Santa Inês;Vale do Jiquiriçá;11139;11233;11329;11529;11640;11748;10564;10833;10803;10337;10312;10884;11186;11177;11169;11161;10656;10631;10606
2928000;Santaluz;Sisal;30967;31023;31054;31120;31156;31191;33633;35029;35416;34060;34274;36452;36690;36915;38219;38422;37158;37348;37531
2928059;Santa Luzia;Litoral Sul;15378;15331;15252;15084;14992;14902;15184;15615;15613;13182;13025;13710;13579;13626;13508;13398;12751;12597;12449
2928109;Santa Maria da Vitória;Bacia do Rio Corrente;41228;41205;41179;41124;41094;41064;40571;41745;41758;40236;40165;41824;41809;41795;41782;41769;39920;39845;39775
2928208;Santana;Bacia do Rio Corrente;24072;24027;23976;23867;23807;23749;25947;26990;27259;24871;24987;26998;27132;27260;27381;27492;26517;26614;26705
2928307;Santanópolis;Portal do Sertão;8551;8500;8433;8292;8214;8139;9199;9558;9643;8806;8835;9370;9407;9442;9232;9263;8920;8943;8966
2928406;Santa Rita de Cássia;Bacia do Rio Grande;24063;24191;24268;24429;24518;24605;26135;27224;27528;26425;26653;28349;28642;28822;28988;29146;28192;28338;28481
2928505;Santa Teresinha;Piemonte do Paraguaçu;8668;8661;8645;8612;8593;8575;9914;10382;10546;9722;9792;10423;10514;10586;10619;10682;10345;10405;10464
2928604;Santo Amaro;Recôncavo;58914;59309;59724;60597;61079;61547;58028;57675;58387;57891;57978;61407;61559;61702;61836;61961;59512;60069;60131
2928703;Santo Antônio de Jesus;Recôncavo;78937;80111;81384;84057;85536;86970;84256;87776;88768;92049;93077;99407;100550;101548;102469;103342;100605;101512;102380
2928802;Santo Estêvão;Portal do Sertão;41623;42016;42420;43268;43737;44193;44532;46360;46855;48397;48897;52186;52704;53193;53473;53898;52413;52850;53269
2928901;São Desidério;Bacia do Rio Grande;19010;19012;19015;19021;19024;19027;25158;26742;27513;28301;28921;31785;32078;32640;33168;33661;33193;33742;34266
2928950;São Domingos;Sisal;8306;8158;7987;7628;7430;7237;8818;9130;9730;9247;9266;9820;9849;9877;9381;9404;9042;9058;9072
2929008;São Félix;Recôncavo;13893;14018;14166;14477;14649;14816;15302;15987;16208;14129;14159;15004;15049;15091;15272;15310;14717;14740;14762
2929057;São Félix do Coribe;Bacia do Rio Corrente;11748;11725;11709;11677;11659;11642;12815;13352;13504;13147;13243;15443;15548;15647;15738;15825;15310;15391;15468
2929107;São Felipe;Recôncavo;20234;20253;20265;20290;20304;20317;20265;20902;20952;20317;20329;21513;21548;21582;21935;21964;21069;21074;21080
2929206;São Francisco do Conde;Metropolitano de Salvador;26941;27554;28144;29383;30069;30733;29829;31219;31699;33713;34226;36677;38838;39329;39790;40220;39338;39802;40245
2929255;São Gabriel;Irecê;18444;18523;18575;18683;18743;18801;18468;19050;19099;18429;18430;19495;19519;19542;19594;19613;18798;18793;18789
2929305;São Gonçalo dos Campos;Portal do Sertão;27308;27571;27835;28391;28699;28997;29205;30401;30724;33766;34232;36641;37111;37554;37634;38018;37139;37550;37942
2929354;São José da Vitória;Litoral Sul;5886;5672;5422;4898;4607;4326;6095;6270;6270;5662;5609;6202;6158;6118;6081;6045;5710;5657;5608
2929370;São José do Jacuípe;Bacia do Jacuípe;8635;8209;7734;6736;6184;5648;10477;10965;11134;10238;10293;10938;11002;11061;10735;10784;10417;10462;10505
2929404;São Miguel das Matas;Vale do Jiquiriçá;10086;10169;10238;10384;10464;10542;10270;10623;10675;10445;10474;11105;11963;12009;12051;12092;11645;11675;11704
2929503;São Sebastião do Passé;Metropolitano de Salvador;40297;40620;40926;41568;41924;42269;40321;41624;41758;42322;42485;45090;45292;45482;45660;45827;44164;44300;44430
2929602;Sapeaçu;Recôncavo;16603;16715;16838;17095;17238;17377;16518;17041;17087;16603;16619;17594;17630;17664;18083;18114;17387;17398;17409
2929701;Sátiro Dias;Litoral Norte e Agreste Baiano;17587;18003;18351;19084;19489;19882;18104;18779;18919;19010;19054;20195;20259;20320;20376;20429;19644;17273;17302
2929750;Saubara;Recôncavo;10457;10651;10864;11310;11557;11796;11051;11507;11632;11279;11354;12078;12161;12238;12311;12380;11978;12043;12105
2929800;Saúde;Piemonte da Diamantina;11498;11509;11518;11539;11550;11561;11866;12284;12355;11884;11921;12644;12693;12739;13343;13385;12883;12913;12943
2929909;Seabra;Chapada Diamantina;39615;38308;38455;38764;38934;40573;40543;41952;42175;41984;42163;44765;44999;45202;45395;45568;43941;44091;44234
2930006;Sebastião Laranjeiras;Sertão Produtivo;9300;9324;9342;9382;9404;9425;10712;11231;11421;10469;10563;11336;11435;11528;11615;11696;11351;11434;11512
2930105;Senhor do Bonfim;Piemonte Norte do Itapicuru;65743;64420;62887;59669;57888;56161;72511;75393;76113;74937;75437;80258;80810;81330;80769;81218;78588;79015;79424
2930154;Serra do Ramalho;Velho Chico;32524;32481;32426;32311;32247;32185;31130;31909;31809;31581;31525;33034;33022;33011;33000;32991;31532;31472;31416
2930204;Sento Sé;Sertão do São Francisco;32774;33318;33716;34551;35013;35462;36517;38181;38735;37806;38174;40720;41102;41464;41576;41891;40703;40684;40989
2930303;Serra Dourada;Bacia do Rio Corrente;18073;18129;18182;18293;18355;18414;17422;17887;17858;18036;17963;18467;18428;18389;18352;18320;17452;17386;17321
2930402;Serra Preta;Bacia do Jacuípe;17707;17741;17748;17762;17770;17778;15149;15971;16168;15194;14993;15672;15507;15351;16171;16036;15064;14878;14699
2930501;Serrinha;Sisal;71715;72313;72913;74171;74868;75544;71383;73655;73859;77309;77211;82157;82733;83275;82621;83088;80411;80861;81286
2930600;Serrolândia;Piemonte da Diamantina;12707;12785;12864;11926;12011;12090;12120;12572;12665;12405;12464;13238;13308;13373;13774;13832;13347;13397;13446
2930709;Simões Filho;Metropolitano de Salvador;96601;98598;100702;105117;107561;109930;109269;114649;116662;119760;121416;129964;131630;133202;134674;136050;132906;134377;135783
2930758;Sítio do Mato;Velho Chico;12127;12394;12693;13318;13665;14001;12567;13064;13187;12107;12161;13188;13256;13320;13381;13437;12965;13012;13059
2930766;Sítio do Quinto;Semiárido Nordeste II;17636;18079;18565;19587;20152;20700;14069;14122;13811;12256;11930;12317;12034;11767;11517;11283;10316;9986;9701
2930774;Sobradinho;Sertão do São Francisco;21225;21350;21361;21385;21398;21411;21315;21978;22026;22056;22109;23435;23511;23583;23650;23713;22806;23191;23233
2930808;Souto Soares;Chapada Diamantina;14345;14046;13698;12968;12564;12172;18013;18992;19407;15986;16069;17073;17239;17332;17419;17503;16905;16979;17050
2930907;Tabocas do Brejo Velho;Bacia do Rio Corrente;12779;12901;13031;13305;13457;13604;12281;12620;12608;11432;11433;12990;13008;13025;13043;13057;12517;12518;12516
2931004;Tanhaçu;Sertão Produtivo;20251;20409;20578;20934;21130;21321;19591;20142;20134;20007;20001;21246;21264;21282;21299;21315;20416;20403;20393
2931053;Tanque Novo;Sertão Produtivo;15275;15570;15858;16463;16797;17122;15745;16338;16466;16228;16323;17493;17601;17702;17797;17884;17285;17366;17443
2931103;Tanquinho;Portal do Sertão;7107;6867;6591;6013;5693;5383;7589;7842;7875;8022;8035;8510;8532;8553;8214;8232;7909;7918;7928
2931202;Taperoá;Baixo Sul;16501;15699;15590;15362;15236;15113;18217;19081;19388;18965;19174;20474;20886;21091;21282;21462;20889;21074;21253
2931301;Tapiramutá;Piemonte do Paraguaçu;17566;17770;18099;18790;19172;19543;17254;17817;17879;16475;16434;17345;17413;17398;17855;17845;17046;17010;16974
2931350;Teixeira de Freitas;Extremo Sul;109908;112077;114208;118681;121156;123557;118702;123858;125430;140710;143001;153385;155659;157804;159813;161690;158445;160487;162438
2931400;Teodoro Sampaio;Portal do Sertão;8787;8733;8663;8516;8435;8356;8306;8490;8442;7820;7746;8125;8067;8013;7984;7936;7493;7425;7359
2931509;Teofilândia;Sisal;20295;20193;20081;19848;19719;19594;20702;21382;21461;21533;21581;22873;22944;23011;23319;23378;22479;22518;22555
2931608;Teolândia;Baixo Sul;12563;12601;12615;12643;12659;12674;12429;12798;12810;14941;14113;15016;15079;15178;15269;15357;14860;14943;15022
2931707;Terra Nova;Portal do Sertão;12939;13009;13071;13202;13274;13344;12310;12620;12583;12798;12793;13526;13537;13547;13527;13536;12965;13033;13025
2931806;Tremedal;Sudoeste Baiano;21122;21088;21036;20927;20866;20807;18483;18706;18433;16796;17750;18560;18367;18187;17854;17700;16608;16394;16189
2931905;Tucano;Sisal;51432;51859;52282;53170;53661;54137;48740;49972;49827;52579;52734;55923;56131;55777;52381;52540;50568;50687;50798
2932002;Uauá;Sertão do São Francisco;26180;26340;26501;26840;27027;27208;24662;25257;25159;24152;24015;25274;25178;25087;25853;25773;24486;24240;24113
2932101;Ubaíra;Vale do Jiquiriçá;20549;20550;20529;20485;20461;20437;20708;21368;21428;19728;20714;21897;20770;20782;20793;20800;19914;19895;19877
2932200;Ubaitaba;Litoral Sul;24205;24441;24714;25286;25603;25910;20478;20678;20333;20449;20214;21183;20993;20813;20646;20489;19275;19056;18847
2932309;Ubatã;Médio Rio de Contas;21267;20941;20541;19701;19236;18786;24791;25952;26355;25295;25575;27312;26787;27051;27297;27527;26795;27035;27263
2932408;Uibaí;Irecê;13646;13670;13697;13751;13782;13811;13719;14160;14203;13634;13642;14436;14460;14483;14454;14474;13884;13887;13891
2932457;Umburanas;Piemonte da Diamantina;14456;14687;14941;15474;15769;16055;16081;16834;17096;17220;17432;18635;18851;19055;19343;19522;19034;19222;19402
2932507;Una;Litoral Sul;32187;32840;33573;35111;35962;36788;25277;25287;24650;23542;22992;22989;22535;22105;21706;21331;19484;19002;18544
2932606;Urandi;Sertão Produtivo;16082;16097;16107;16128;16140;16151;15822;16282;16289;16480;16493;17239;17270;17301;17329;17356;16651;16658;16665
2932705;Uruçuca;Litoral Sul;19015;18126;17107;14967;13782;12634;22070;22984;23237;19738;19642;22004;21924;21849;21778;21711;20630;20519;20413
2932804;Utinga;Chapada Diamantina;16945;16856;16840;16807;16789;16772;19229;20132;20448;18272;18367;19516;19490;19593;19688;19780;19098;19178;19256
2932903;Valença;Baixo Sul;78745;79735;80768;82936;84136;85300;84931;88542;89597;89510;90319;96287;96507;97305;98053;98749;95858;96562;97233
2933000;Valente;Sisal;19288;19422;19550;19820;19969;20114;21512;22489;22295;24958;25342;27162;27545;27906;28426;28743;28130;28473;28800
2933059;Várzea da Roça;Bacia do Jacuípe;13649;13672;13690;13728;13749;13769;14479;15040;15171;13811;13834;14654;14693;14729;14632;14662;14087;14104;14121
2933109;Várzea do Poço;Bacia do Jacuípe;7256;7069;6863;7045;6830;6624;8569;8908;8992;8711;8759;9309;9364;9416;9404;9449;9130;9170;9210
2933158;Várzea Nova;Piemonte da Diamantina;13782;13525;13233;12620;12281;11952;13949;14357;14365;12991;12910;13581;13524;13470;13500;13454;12772;12697;12625
2933174;Varzedo;Recôncavo;8669;8675;8676;8679;8680;8681;9054;9386;9451;9047;8987;9449;9405;9363;9409;9375;8895;8838;8785
2933208;Vera Cruz;Metropolitano de Salvador;30647;31352;32096;33656;34520;35358;35060;36843;37539;38168;38748;41524;42103;42650;43162;43640;42706;43223;43716
2933257;Vereda;Extremo Sul;7267;7142;6999;6699;6533;6372;7174;7361;7346;6740;6681;6781;6737;6696;6657;6620;6258;6205;6153
2933307;Vitória da Conquista;Sudoeste Baiano;267189;270364;274016;281684;285927;290042;308204;313898;318901;310129;315884;336987;340199;343230;346069;348718;338885;338480;341128
2933406;Wagner;Chapada Diamantina;9095;9216;9328;9562;9691;9817;8610;8830;8807;8984;8985;9504;9720;9731;9743;9753;9347;9345;9344
2933455;Wanderley;Bacia do Rio Grande;13675;13652;13653;13655;13657;13658;12982;13300;13252;12420;12356;13089;13047;13008;12971;12935;12299;12238;12180
2933505;Wenceslau Guimarães;Baixo Sul;25044;25462;26175;27672;28501;29304;23985;24740;24802;22047;21910;23046;22621;22530;22445;22365;21228;21101;20978
2933604;Xique-Xique;Irecê;45110;45632;46057;46947;47440;47918;45700;47251;47470;45599;45660;48100;48210;48316;48274;48365;46440;46483;46523
