codigo_ibge;nome;latitude;longitude;lat_teste;long_teste
2900108;Abaíra;-132.488;-416.619;-1,32488E+17;-4,16619E+17
2900207;Abaré;-872.073;-391.162;-8,72073E+17;-3,91162E+17
2900306;Acajutiba;-116.575;-380.197;-1,16575E+17;-3,80197E+17
2900355;Adustina;-105.437;-381.113;-1,05437E+17;-3,81113E+17
2900405;Água Fria;-118.618;-387.639;-1,18618E+17;-3,87639E+17
2900603;Aiquara;-141.269;-398.937;-1,41269E+17;-3,98937E+17
2900702;Alagoinhas;-121.335;-384.208;-1,21335E+17;-3,84208E+17
2900801;Alcobaça;-175.195;-392.036;-1,75195E+17;-3,92036E+17
2900900;Almadina;-147.089;-396.415;-1,47089E+17;-3,96415E+17
2901007;Amargosa;-130.215;-39.602;-1,30215E+17;-3,9602E+17
2901106;Amélia Rodrigues;-123.914;-387.563;-1,23914E+17;-3,87563E+17
2901155;América Dourada;-114.429;-41.439;-1,14429E+17;-4,1439E+17
2901205;Anagé;-146.151;-411.356;-1,46151E+17;-4,11356E+17
2901304;Andaraí;-128.049;-413.297;-1,28049E+17;-4,13297E+17
2901353;Andorinha;-103.482;-398.391;-1,03482E+17;-3,98391E+17
2901403;Angical;-120.063;-447.003;-1,20063E+17;-4,47003E+17
2901502;Anguera;-121.462;-392.462;-1,21462E+17;-3,92462E+17
2901601;Antas;-103.856;-383.401;-1,03856E+17;-3,83401E+17
2901700;Antônio Cardoso;-124.335;-391.176;-1,24335E+17;-3,91176E+17
2901809;Antônio Gonçalves;-105.767;-402.785;-1,05767E+17;-4,02785E+17
2901908;Aporá;-116.577;-380.814;-1,16577E+17;-3,80814E+17
2901957;Apuarema;-138.542;-397.501;-1,38542E+17;-3,97501E+17
2902054;Araças;-12.22;-382.027;#VALOR!;-3,82027E+17
2902005;Aracatu;-14.428;-414.648;-1,4428E+16;-4,14648E+17
2902104;Araci;-113.253;-389.584;-1,13253E+17;-3,89584E+17
2902203;Aramari;-120.884;-384.969;-1,20884E+17;-3,84969E+17
2902252;Arataca;-152.651;-39.419;-1,52651E+17;-3,9419E+16
2902302;Aratuípe;-130.716;-390.038;-1,30716E+17;-3,90038E+17
2902401;Aurelino Leal;-14.321;-39.329;-1,4321E+16;-3,9329E+16
2902500;Baianópolis;-123.016;-445.388;-1,23016E+17;-4,45388E+17
2902609;Baixa Grande;-119.519;-40.169;-1,19519E+17;-4,0169E+16
2902658;Banzaê;-105.788;-386.212;-1,05788E+17;-3,86212E+17
2902708;Barra;-110.859;-431.459;-1,10859E+17;-4,31459E+17
2902807;Barra da Estiva;-136.237;-413.347;-1,36237E+17;-4,13347E+17
2902906;Barra do Choça;-148.654;-405.791;-1,48654E+17;-4,05791E+17
2903003;Barra do Mendes;-11.81;-42.059;#VALOR!;-4,2059E+16
2903102;Barra do Rocha;-14.2;-395.991;#VALOR!;-3,95991E+17
2903201;Barreiras;-121.439;-449.968;-1,21439E+17;-4,49968E+17
2903235;Barro Alto;-117.605;-419.054;-1,17605E+17;-4,19054E+17
2903300;Barro Preto;-147.948;-39.476;-1,47948E+17;-3,9476E+16
2903276;Barrocas;-115.272;-390.776;-1,15272E+17;-3,90776E+17
2903409;Belmonte;-158.608;-388.758;-1,58608E+17;-3,88758E+17
2903508;Belo Campo;-150.334;-412.652;-1,50334E+17;-4,12652E+17
2903607;Biritinga;-116.072;-388.051;-1,16072E+17;-3,88051E+17
2903706;Boa Nova;-143.598;-402.064;-1,43598E+17;-4,02064E+17
2903805;Boa Vista do Tupim;-126.498;-406.064;-1,26498E+17;-4,06064E+17
2903904;Bom Jesus da Lapa;-132.506;-434.108;-1,32506E+17;-4,34108E+17
2903953;Bom Jesus da Serra;-143.663;-405.126;-1,43663E+17;-4,05126E+17
2904001;Boninal;-127.069;-418.286;-1,27069E+17;-4,18286E+17
2904050;Bonito;-119.668;-412.647;-1,19668E+17;-4,12647E+17
2904100;Boquira;-128.205;-427.324;-1,28205E+17;-4,27324E+17
2904209;Botuporã;-133.772;-425.163;-1,33772E+17;-4,25163E+17
2904308;Brejões;-131.039;-397.988;-1,31039E+17;-3,97988E+17
2904407;Brejolândia;-124.815;-439.679;-1,24815E+17;-4,39679E+17
2904506;Brotas de Macaúbas;-119.915;-426.326;-1,19915E+17;-4,26326E+17
2904605;Brumado;-142.021;-416.696;-1,42021E+17;-4,16696E+17
2904704;Buerarema;-149.595;-393.028;-1,49595E+17;-3,93028E+17
2904753;Buritirama;-107.171;-436.302;-1,07171E+17;-4,36302E+17
2904803;Caatiba;-149.699;-404.092;-1,49699E+17;-4,04092E+17
2904852;Cabaceiras do Paraguaçu;-125.317;-391.902;-1,25317E+17;-3,91902E+17
2904902;Cachoeira;-125.994;-389.587;-1,25994E+17;-3,89587E+17
2905008;Caculé;-145.003;-422.229;-1,45003E+17;-4,22229E+17
2905107;Caém;-110.677;-40.432;-1,10677E+17;-4,0432E+16
2905156;Caetanos;-143.347;-409.175;-1,43347E+17;-4,09175E+17
2905206;Caetité;-140.684;-424.861;-1,40684E+17;-4,24861E+17
2905305;Cafarnaum;-116.914;-414.688;-1,16914E+17;-4,14688E+17
2905404;Cairu;-134.904;-390.465;-1,34904E+17;-3,90465E+17
2905503;Caldeirão Grande;-110.208;-402.956;-1,10208E+17;-4,02956E+17
2905602;Camacan;-154.142;-394.919;-1,54142E+17;-3,94919E+17
2905701;Camaçari;-126.996;-383.263;-1,26996E+17;-3,83263E+17
2905800;Camamu;-139.398;-391.071;-1,39398E+17;-3,91071E+17
2905909;Campo Alegre de Lourdes;-952.221;-430.126;-9,52221E+17;-4,30126E+17
2906006;Campo Formoso;-105.105;-40.32;-1,05105E+17;
2906105;Canápolis;-130.725;-44.201;-1,30725E+17;-4,4201E+16
2906204;Canarana;-116.858;-417.677;-1,16858E+17;-4,17677E+17
2906303;Canavieiras;-156.722;-389.536;-1,56722E+17;-3,89536E+17
2906402;Candeal;-118.049;-391.203;-1,18049E+17;-3,91203E+17
2906501;Candeias;-126.716;-385.472;-1,26716E+17;-3,85472E+17
2906600;Candiba;-144.097;-428.667;-1,44097E+17;-4,28667E+17
2906709;Cândido Sales;-154.993;-412.414;-1,54993E+17;-4,12414E+17
2906808;Cansanção;-106.647;-394.944;-1,06647E+17;-3,94944E+17
2906824;Canudos;-990.014;-391.471;-9,90014E+17;-3,91471E+17
2906857;Capela do Alto Alegre;-116.658;-398.349;-1,16658E+17;-3,98349E+17
2906873;Capim Grosso;-113.797;-400.089;-1,13797E+17;-4,00089E+17
2906899;Caraíbas;-147.177;-412.603;-1,47177E+17;-4,12603E+17
2906907;Caravelas;-177.268;-392.597;-1,77268E+17;-3,92597E+17
2907004;Cardeal da Silva;-119.472;-379.469;-1,19472E+17;-3,79469E+17
2907103;Carinhanha;-142.985;-437.724;-1,42985E+17;-4,37724E+17
2907202;Casa Nova;-916.408;-40.974;-9,16408E+17;-4,0974E+16
2907301;Castro Alves;-127.579;-394.248;-1,27579E+17;-3,94248E+17
2907400;Catolândia;-12.31;-448.648;#VALOR!;-4,48648E+17
2907509;Catu;-123.513;-383.791;-1,23513E+17;-3,83791E+17
2907558;Caturama;-133.239;-422.904;-1,33239E+17;-4,22904E+17
2907608;Central;-111.376;-421.116;-1,11376E+17;-4,21116E+17
2907707;Chorrochó;-89.695;-390.979;-8,9695E+16;-3,90979E+17
2907806;Cícero Dantas;-105.897;-383.794;-1,05897E+17;-3,83794E+17
2907905;Cipó;-111.032;-385.179;-1,11032E+17;-3,85179E+17
2908002;Coaraci;-14.637;-395.556;-1,4637E+16;-3,95556E+17
2908101;Cocos;-141.814;-445.352;-1,41814E+17;-4,45352E+17
2908200;Conceição da Feira;-125.078;-389.978;-1,25078E+17;-3,89978E+17
2908309;Conceição do Almeida;-127.836;-391.715;-1,27836E+17;-3,91715E+17
2908408;Conceição do Coité;-11.56;-392.808;#VALOR!;-3,92808E+17
2908507;Conceição do Jacuípe;-123.268;-387.684;-1,23268E+17;-3,87684E+17
2908606;Conde;-118.179;-376.131;-1,18179E+17;-3,76131E+17
2908705;Condeúba;-149.022;-419.718;-1,49022E+17;-4,19718E+17
2908804;Contendas do Sincorá;-137.537;-41.048;-1,37537E+17;-4,1048E+16
2908903;Coração de Maria;-122.333;-387.487;-1,22333E+17;-3,87487E+17
2909000;Cordeiros;-150.356;-419.308;-1,50356E+17;-4,19308E+17
2909109;Coribe;-138.232;-444.586;-1,38232E+17;-4,44586E+17
2909208;Coronel João Sá;-102.847;-379.198;-1,02847E+17;-3,79198E+17
2909307;Correntina;-133.477;-446.333;-1,33477E+17;-4,46333E+17
2909406;Cotegipe;-120.228;-442.566;-1,20228E+17;-4,42566E+17
2909505;Cravolândia;-133.531;-398.031;-1,33531E+17;-3,98031E+17
2909604;Crisópolis;-115.059;-381.515;-1,15059E+17;-3,81515E+17
2909703;Cristópolis;-122.249;-444.214;-1,22249E+17;-4,44214E+17
2909802;Cruz das Almas;-126.675;-391.008;-1,26675E+17;-3,91008E+17
2909901;Curaçá;-898.458;-398.997;-8,98458E+17;-3,98997E+17
2910008;Dário Meira;-144.229;-399.031;-1,44229E+17;-3,99031E+17
2910057;Dias d'Ávila;-126.187;-382.926;-1,26187E+17;-3,82926E+17
2910107;Dom Basílio;-137.565;-417.677;-1,37565E+17;-4,17677E+17
2910206;Dom Macedo Costa;-129.016;-391.923;-1,29016E+17;-3,91923E+17
2910305;Elísio Medrado;-129.417;-395.191;-1,29417E+17;-3,95191E+17
2910404;Encruzilhada;-155.302;-409.124;-1,55302E+17;-4,09124E+17
2910503;Entre Rios;-119.392;-380.871;-1,19392E+17;-3,80871E+17
2900504;Érico Cardoso;-134.215;-421.352;-1,34215E+17;-4,21352E+17
2910602;Esplanada;-117.942;-379.432;-1,17942E+17;-3,79432E+17
2910701;Euclides da Cunha;-105.078;-390.153;-1,05078E+17;-3,90153E+17
2910727;Eunápolis;-163.715;-395.821;-1,63715E+17;-3,95821E+17
2910750;Fátima;-10.616;-382.239;-1,0616E+16;-3,82239E+17
2910776;Feira da Mata;-142.044;-442.744;-1,42044E+17;-4,42744E+17
2910800;Feira de Santana;-122.664;-389.663;-1,22664E+17;-3,89663E+17
2910859;Filadélfia;-107.405;-401.437;-1,07405E+17;-4,01437E+17
2910909;Firmino Alves;-149.823;-399.269;-1,49823E+17;-3,99269E+17
2911006;Floresta Azul;-148.629;-396.579;-1,48629E+17;-3,96579E+17
2911105;Formosa do Rio Preto;-110.328;-45.193;-1,10328E+17;-4,5193E+16
2911204;Gandu;-137.441;-394.747;-1,37441E+17;-3,94747E+17
2911253;Gavião;-114.688;-397.757;-1,14688E+17;-3,97757E+17
2911303;Gentio do Ouro;-114.342;-425.077;-1,14342E+17;-4,25077E+17
2911402;Glória;-934.382;-382.544;-9,34382E+17;-3,82544E+17
2911501;Gongogi;-143.195;-39.469;-1,43195E+17;-3,9469E+17
2911600;Governador Mangabeira;-125.994;-390.412;-1,25994E+17;-3,90412E+17
2911659;Guajeru;-145.467;-419.381;-1,45467E+17;-4,19381E+17
2911709;Guanambi;-142.231;-427.799;-1,42231E+17;-4,27799E+17
2911808;Guaratinga;-165.833;-397.847;-1,65833E+17;-3,97847E+17
2911857;Heliópolis;-106.825;-382.907;-1,06825E+17;-3,82907E+17
2911907;Iaçu;-127.666;-402.056;-1,27666E+17;-4,02056E+17
2912004;Ibiassucê;-142.711;-42.257;-1,42711E+17;-4,2257E+16
2912103;Ibicaraí;-148.579;-395.914;-1,48579E+17;-3,95914E+17
2912202;Ibicoara;-134.059;-41.284;-1,34059E+17;-4,1284E+17
2912301;Ibicuí;-14.845;-399.879;-1,4845E+16;-3,99879E+17
2912400;Ibipeba;-116.438;-420.195;-1,16438E+17;-4,20195E+17
2912509;Ibipitanga;-128.804;-424.856;-1,28804E+17;-4,24856E+17
2912608;Ibiquera;-126.444;-409.338;-1,26444E+17;-4,09338E+17
2912707;Ibirapitanga;-141.649;-393.787;-1,41649E+17;-3,93787E+17
2912806;Ibirapuã;-176.832;-401.129;-1,76832E+17;-4,01129E+17
2912905;Ibirataia;-140.643;-396.459;-1,40643E+17;-3,96459E+17
2913002;Ibitiara;-126.502;-422.179;-1,26502E+17;-4,22179E+17
2913101;Ibititá;-115.414;-419.748;-1,15414E+17;-4,19748E+17
2913200;Ibotirama;-121.779;-432.167;-1,21779E+17;-4,32167E+17
2913309;Ichu;-117.431;-391.905;-1,17431E+17;-3,91905E+17
2913408;Igaporã;-13.774;-427.155;-1,3774E+16;-4,27155E+17
2913457;Igrapiúna;-138.295;-391.361;-1,38295E+17;-3,91361E+17
2913507;Iguaí;-147.528;-400.894;-1,47528E+17;-4,00894E+17
2913606;Ilhéus;-14.793;-39.046;-1,4793E+16;-3,9046E+16
2913705;Inhambupe;-11.781;-38.355;-1,1781E+16;-3,8355E+16
2913804;Ipecaetá;-123.028;-393.069;-1,23028E+17;-3,93069E+17
2913903;Ipiaú;-141.226;-397.353;-1,41226E+17;-3,97353E+17
2914000;Ipirá;-121.561;-397.359;-1,21561E+17;-3,97359E+17
2914109;Ipupiara;-118.219;-426.179;-1,18219E+17;-4,26179E+17
2914208;Irajuba;-132.563;-400.848;-1,32563E+17;-4,00848E+17
2914307;Iramaia;-132.902;-409.595;-1,32902E+17;-4,09595E+17
2914406;Iraquara;-122.429;-416.155;-1,22429E+17;-4,16155E+17
2914505;Irará;-120.504;-387.631;-1,20504E+17;-3,87631E+17
2914604;Irecê;-113.033;-418.535;-1,13033E+17;-4,18535E+17
2914653;Itabela;-165.732;-395.593;-1,65732E+17;-3,95593E+17
2914703;Itaberaba;-125.242;-403.059;-1,25242E+17;-4,03059E+17
2914802;Itabuna;-147.876;-392.781;-1,47876E+17;-3,92781E+17
2914901;Itacaré;-142.784;-389.959;-1,42784E+17;-3,89959E+17
2915007;Itaeté;-129.831;-409.677;-1,29831E+17;-4,09677E+17
2915106;Itagi;-141.615;-400.131;-1,41615E+17;-4,00131E+17
2915205;Itagibá;-142.782;-398.449;-1,42782E+17;-3,98449E+17
2915304;Itagimirim;-160.819;-396.133;-1,60819E+17;-3,96133E+17
2915353;Itaguaçu da Bahia;-110.147;-423.997;-1,10147E+17;-4,23997E+17
2915403;Itaju do Colônia;-151.366;-397.283;-1,51366E+17;-3,97283E+17
2915502;Itajuípe;-146.788;-393.698;-1,46788E+17;-3,93698E+17
2915601;Itamaraju;-170.378;-395.386;-1,70378E+17;-3,95386E+17
2915700;Itamari;-137.782;-39.683;-1,37782E+17;-3,9683E+16
2915809;Itambé;-152.429;-40.63;-1,52429E+17;#VALOR!
2915908;Itanagra;-122.614;-380.436;-1,22614E+17;-3,80436E+17
2916005;Itanhém;-171.642;-403.321;-1,71642E+17;-4,03321E+17
2916104;Itaparica;-128.932;-38.68;-1,28932E+17;#VALOR!
2916203;Itapé;-148.876;-394.239;-1,48876E+17;-3,94239E+17
2916302;Itapebi;-159.551;-395.329;-1,59551E+17;-3,95329E+17
2916401;Itapetinga;-152.475;-402.482;-1,52475E+17;-4,02482E+17
2916500;Itapicuru;-113.088;-382.262;-1,13088E+17;-3,82262E+17
2916609;Itapitanga;-144.139;-395.657;-1,44139E+17;-3,95657E+17
2916708;Itaquara;-134.459;-399.378;-1,34459E+17;-3,99378E+17
2916807;Itarantim;-156.528;-40.065;-1,56528E+17;-4,0065E+16
2916856;Itatim;-127.099;-396.952;-1,27099E+17;-3,96952E+17
2916906;Itiruçu;-13.529;-401.472;-1,3529E+16;-4,01472E+17
2917003;Itiúba;-106.948;-398.446;-1,06948E+17;-3,98446E+17
2917102;Itororó;-15.11;-400.684;#VALOR!;-4,00684E+17
2917201;Ituaçu;-138.107;-413.003;-1,38107E+17;-4,13003E+17
2917300;Ituberá;-137.249;-391.481;-1,37249E+17;-3,91481E+17
2917334;Iuiú;-144.054;-435.595;-1,44054E+17;-4,35595E+17
2917359;Jaborandi;-136.071;-444.255;-1,36071E+17;-4,44255E+17
2917409;Jacaraci;-148.541;-424.329;-1,48541E+17;-4,24329E+17
2917508;Jacobina;-111.812;-405.117;-1,11812E+17;-4,05117E+17
2917607;Jaguaquara;-135.248;-39.964;-1,35248E+17;-3,9964E+16
2917706;Jaguarari;-102.569;-401.999;-1,02569E+17;-4,01999E+17
2917805;Jaguaripe;-131.109;-388.939;-1,31109E+17;-3,88939E+17
2917904;Jandaíra;-115.616;-377.853;-1,15616E+17;-3,77853E+17
2918001;Jequié;-138.509;-400.877;-1,38509E+17;-4,00877E+17
2918100;Jeremoabo;-100.685;-383.471;-1,00685E+17;-3,83471E+17
2918209;Jiquiriçá;-132.621;-395.737;-1,32621E+17;-3,95737E+17
2918308;Jitaúna;-140.131;-398.969;-1,40131E+17;-3,98969E+17
2918357;João Dourado;-113.486;-416.548;-1,13486E+17;-4,16548E+17
2918407;Juazeiro;-941.622;-405.033;-9,41622E+17;-4,05033E+17
2918456;Jucuruçu;-168.488;-401.641;-1,68488E+17;-4,01641E+17
2918506;Jussara;-110.431;-419.702;-1,10431E+17;-4,19702E+17
2918555;Jussari;-15.192;-39.491;-1,5192E+16;-3,9491E+16
2918605;Jussiape;-135.155;-415.882;-1,35155E+17;-4,15882E+17
2918704;Lafaiete Coutinho;-136.541;-402.119;-1,36541E+17;-4,02119E+17
2918803;Lagoa Real;-140.334;-421.328;-1,40334E+17;-4,21328E+17
2918902;Laje;-131.673;-394.213;-1,31673E+17;-3,94213E+17
2919009;Lajedão;-176.056;-403.383;-1,76056E+17;-4,03383E+17
2919058;Lajedinho;-123.529;-409.048;-1,23529E+17;-4,09048E+17
2918753;Lajedo do Tabocal;-134.663;-402.204;-1,34663E+17;-4,02204E+17
2919108;Lamarão;-11.773;-38.887;-1,1773E+16;-3,8887E+16
2919157;Lapão;-113.851;-418.286;-1,13851E+17;-4,18286E+17
2919207;Lauro de Freitas;-128.978;-38.321;-1,28978E+17;-3,8321E+16
2919306;Lençóis;-125.616;-413.928;-1,25616E+17;-4,13928E+17
2919405;Licínio de Almeida;-146.842;-425.095;-1,46842E+17;-4,25095E+17
2919504;Livramento de Nossa Senhora;-136.369;-418.432;-1,36369E+17;-4,18432E+17
2919553;Luís Eduardo Magalhães;-120.956;-457.866;-1,20956E+17;-4,57866E+17
2919603;Macajuba;-121.326;-403.571;-1,21326E+17;-4,03571E+17
2919702;Macarani;-155.646;-404.209;-1,55646E+17;-4,04209E+17
2919801;Macaúbas;-130.186;-426.945;-1,30186E+17;-4,26945E+17
2919900;Macururé;-916.226;-390.518;-9,16226E+17;-3,90518E+17
2919926;Madre de Deus;-127.446;-386.153;-1,27446E+17;-3,86153E+17
2919959;Maetinga;-146.623;-414.915;-1,46623E+17;-4,14915E+17
2920007;Maiquinique;-15.624;-402.587;-1,5624E+16;-4,02587E+17
2920106;Mairi;-117.107;-401.437;-1,17107E+17;-4,01437E+17
2920205;Malhada;-143.371;-437.686;-1,43371E+17;-4,37686E+17
2920304;Malhada de Pedras;-143.847;-418.842;-1,43847E+17;-4,18842E+17
2920403;Manoel Vitorino;-141.476;-402.399;-1,41476E+17;-4,02399E+17
2920452;Mansidão;-107.227;-440.428;-1,07227E+17;-4,40428E+17
2920502;Maracás;-134.355;-404.323;-1,34355E+17;-4,04323E+17
2920601;Maragogipe;-12.776;-389.175;-1,2776E+16;-3,89175E+17
2920700;Maraú;-141.035;-390.137;-1,41035E+17;-3,90137E+17
2920809;Marcionílio Souza;-130.064;-405.295;-1,30064E+17;-4,05295E+17
2920908;Mascote;-155.542;-393.016;-1,55542E+17;-3,93016E+17
2921005;Mata de São João;-125.307;-383.009;-1,25307E+17;-3,83009E+17
2921054;Matina;-139.109;-428.439;-1,39109E+17;-4,28439E+17
2921104;Medeiros Neto;-173.707;-402.238;-1,73707E+17;-4,02238E+17
2921203;Miguel Calmon;-114.299;-406.031;-1,14299E+17;-4,06031E+17
2921302;Milagres;-128.646;-398.611;-1,28646E+17;-3,98611E+17
2921401;Mirangaba;-10.961;-40.574;-1,0961E+16;-4,0574E+16
2921450;Mirante;-142.385;-407.718;-1,42385E+17;-4,07718E+17
2921500;Monte Santo;-104.374;-393.321;-1,04374E+17;-3,93321E+17
2921609;Morpará;-115.569;-432.766;-1,15569E+17;-4,32766E+17
2921708;Morro do Chapéu;-115.488;-411.565;-1,15488E+17;-4,11565E+17
2921807;Mortugaba;-150.225;-423.727;-1,50225E+17;-4,23727E+17
2921906;Mucugê;-130.053;-413.703;-1,30053E+17;-4,13703E+17
2922003;Mucuri;-180.754;-395.565;-1,80754E+17;-3,95565E+17
2922052;Mulungu do Morro;-119.648;-416.374;-1,19648E+17;-4,16374E+17
2922102;Mundo Novo;-118.541;-404.714;-1,18541E+17;-4,04714E+17
2922201;Muniz Ferreira;-130.092;-391.092;-1,30092E+17;-3,91092E+17
2922250;Muquém de São Francisco;-12.065;-435.497;-1,2065E+16;-4,35497E+17
2922300;Muritiba;-126.329;-389.921;-1,26329E+17;-3,89921E+17
2922409;Mutuípe;-132.284;-395.044;-1,32284E+17;-3,95044E+17
2922508;Nazaré;-130.235;-390.108;-1,30235E+17;-3,90108E+17
2922607;Nilo Peçanha;-13.604;-391.091;-1,3604E+16;-3,91091E+17
2922656;Nordestina;-108.192;-394.297;-1,08192E+17;-3,94297E+17
2922706;Nova Canaã;-147.912;-401.458;-1,47912E+17;-4,01458E+17
2922730;Nova Fátima;-116.031;-396.302;-1,16031E+17;-3,96302E+17
2922755;Nova Ibiá;-13.812;-396.182;-1,3812E+16;-3,96182E+17
2922805;Nova Itarana;-130.241;-400.653;-1,30241E+17;-4,00653E+17
2922854;Nova Redenção;-12.815;-410.748;-1,2815E+16;-4,10748E+17
2922904;Nova Soure;-112.329;-384.871;-1,12329E+17;-3,84871E+17
2923001;Nova Viçosa;-178.926;-393.743;-1,78926E+17;-3,93743E+17
2923035;Novo Horizonte;-128.083;-421.682;-1,28083E+17;-4,21682E+17
2923050;Novo Triunfo;-103.182;-384.014;-1,03182E+17;-3,84014E+17
2923100;Olindina;-113.497;-383.379;-1,13497E+17;-3,83379E+17
2923209;Oliveira dos Brejinhos;-123.132;-428.969;-1,23132E+17;-4,28969E+17
2923308;Ouriçangas;-120.175;-386.166;-1,20175E+17;-3,86166E+17
2923357;Ourolândia;-109.578;-410.756;-1,09578E+17;-4,10756E+17
2923407;Palmas de Monte Alto;-142.676;-431.609;-1,42676E+17;-4,31609E+17
2923506;Palmeiras;-125.059;-415.809;-1,25059E+17;-4,15809E+17
2923605;Paramirim;-134.388;-422.395;-1,34388E+17;-4,22395E+17
2923704;Paratinga;-12.687;-431.798;-1,2687E+16;-4,31798E+17
2923803;Paripiranga;-106.859;-378.626;-1,06859E+17;-3,78626E+17
2923902;Pau Brasil;-154.572;-396.458;-1,54572E+17;-3,96458E+17
2924009;Paulo Afonso;-93.983;-382.216;-9,3983E+16;-3,82216E+17
2924058;Pé de Serra;-118.313;-39.611;-1,18313E+17;-3,9611E+16
2924108;Pedrão;-121.491;-386.487;-1,21491E+17;-3,86487E+17
2924207;Pedro Alexandre;-10.012;-378.932;-1,0012E+16;-3,78932E+17
2924306;Piatã;-131.465;-417.702;-1,31465E+17;-4,17702E+17
2924405;Pilão Arcado;-100.051;-424.936;-1,00051E+17;-4,24936E+17
2924504;Pindaí;-144.921;-42.686;-1,44921E+17;-4,2686E+16
2924603;Pindobaçu;-107.433;-403.675;-1,07433E+17;-4,03675E+17
2924652;Pintadas;-118.117;-399.009;-1,18117E+17;-3,99009E+17
2924678;Piraí do Norte;-13.759;-393.836;-1,3759E+16;-3,93836E+17
2924702;Piripá;-149.444;-417.168;-1,49444E+17;-4,17168E+17
2924801;Piritiba;-11.73;-405.587;#VALOR!;-4,05587E+17
2924900;Planaltino;-132.618;-403.695;-1,32618E+17;-4,03695E+17
2925006;Planalto;-146.654;-404.718;-1,46654E+17;-4,04718E+17
2925105;Poções;-145.234;-403.634;-1,45234E+17;-4,03634E+17
2925204;Pojuca;-124.303;-383.374;-1,24303E+17;-3,83374E+17
2925253;Ponto Novo;-108.653;-401.311;-1,08653E+17;-4,01311E+17
2925303;Porto Seguro;-164.435;-390.643;-1,64435E+17;-3,90643E+17
2925402;Potiraguá;-155.943;-398.638;-1,55943E+17;-3,98638E+17
2925501;Prado;-173.364;-392.227;-1,73364E+17;-3,92227E+17
2925600;Presidente Dutra;-112.923;-419.843;-1,12923E+17;-4,19843E+17
2925709;Presidente Jânio Quadros;-146.885;-416.798;-1,46885E+17;-4,16798E+17
2925758;Presidente Tancredo Neves;-134.471;-394.203;-1,34471E+17;-3,94203E+17
2925808;Queimadas;-109.736;-396.293;-1,09736E+17;-3,96293E+17
2925907;Quijingue;-107.505;-392.137;-1,07505E+17;-3,92137E+17
2925931;Quixabeira;-114.031;-40.12;-1,14031E+17;#VALOR!
2925956;Rafael Jambeiro;-124.053;-395.007;-1,24053E+17;-3,95007E+17
2926004;Remanso;-961.944;-420.848;-9,61944E+17;-4,20848E+17
2926103;Retirolândia;-114.832;-394.234;-1,14832E+17;-3,94234E+17
2926202;Riachão das Neves;-117.508;-449.143;-1,17508E+17;-4,49143E+17
2926301;Riachão do Jacuípe;-118.067;-393.818;-1,18067E+17;-3,93818E+17
2926400;Riacho de Santana;-136.059;-429.397;-1,36059E+17;-4,29397E+17
2926509;Ribeira do Amparo;-110.421;-384.242;-1,10421E+17;-3,84242E+17
2926608;Ribeira do Pombal;-108.373;-385.382;-1,08373E+17;-3,85382E+17
2926657;Ribeirão do Largo;-154.508;-407.441;-1,54508E+17;-4,07441E+17
2926707;Rio de Contas;-135.852;-418.048;-1,35852E+17;-4,18048E+17
2926806;Rio do Antônio;-144.071;-420.721;-1,44071E+17;-4,20721E+17
2926905;Rio do Pires;-131.185;-422.902;-1,31185E+17;-4,22902E+17
2927002;Rio Real;-114.814;-379.332;-1,14814E+17;-3,79332E+17
2927101;Rodelas;-885.021;-38.78;-8,85021E+17;#VALOR!
2927200;Ruy Barbosa;-122.816;-404.931;-1,22816E+17;-4,04931E+17
2927309;Salinas da Margarida;-12.873;-387.562;-1,2873E+16;-3,87562E+17
2927408;Salvador;-129.718;-385.011;-1,29718E+17;-3,85011E+17
2927507;Santa Bárbara;-119.515;-389.681;-1,19515E+17;-3,89681E+17
2927606;Santa Brígida;-973.227;-381.209;-9,73227E+17;-3,81209E+17
2927705;Santa Cruz Cabrália;-162.825;-390.295;-1,62825E+17;-3,90295E+17
2927804;Santa Cruz da Vitória;-14.964;-398.115;-1,4964E+16;-3,98115E+17
2927903;Santa Inês;-132.793;-39.814;-1,32793E+17;-3,9814E+16
2928059;Santa Luzia;-154.342;-393.287;-1,54342E+17;-3,93287E+17
2928109;Santa Maria da Vitória;-133.859;-442.011;-1,33859E+17;-4,42011E+17
2928406;Santa Rita de Cássia;-110.063;-445.255;-1,10063E+17;-4,45255E+17
2928505;Santa Teresinha;-127.697;-395.215;-1,27697E+17;-3,95215E+17
2928000;Santaluz;-112.508;-39.375;-1,12508E+17;-3,9375E+16
2928208;Santana;-129.792;-440.506;-1,29792E+17;-4,40506E+17
2928307;Santanópolis;-120.311;-388.694;-1,20311E+17;-3,88694E+17
2928604;Santo Amaro;-125.472;-387.137;-1,25472E+17;-3,87137E+17
2928703;Santo Antônio de Jesus;-129.614;-392.584;-1,29614E+17;-3,92584E+17
2928802;Santo Estêvão;-12.428;-392.505;-1,2428E+16;-3,92505E+17
2928901;São Desidério;-123.572;-449.769;-1,23572E+17;-4,49769E+17
2928950;São Domingos;-114.649;-395.268;-1,14649E+17;-3,95268E+17
2929107;São Felipe;-128.394;-390.893;-1,28394E+17;-3,90893E+17
2929008;São Félix;-126.104;-389.727;-1,26104E+17;-3,89727E+17
2929057;São Félix do Coribe;-134.019;-441.837;-1,34019E+17;-4,41837E+17
2929206;São Francisco do Conde;-126.183;-386.786;-1,26183E+17;-3,86786E+17
2929255;São Gabriel;-112.175;-418.843;-1,12175E+17;-4,18843E+17
2929305;São Gonçalo dos Campos;-124.331;-389.663;-1,24331E+17;-3,89663E+17
2929354;São José da Vitória;-150.787;-393.437;-1,50787E+17;-3,93437E+17
2929370;São José do Jacuípe;-114.137;-398.669;-1,14137E+17;-3,98669E+17
2929404;São Miguel das Matas;-130.434;-394.578;-1,30434E+17;-3,94578E+17
2929503;São Sebastião do Passé;-125.123;-384.905;-1,25123E+17;-3,84905E+17
2929602;Sapeaçu;-127.208;-391.824;-1,27208E+17;-3,91824E+17
2929701;Sátiro Dias;-115.929;-385.938;-1,15929E+17;-3,85938E+17
2929750;Saubara;-127.387;-387.625;-1,27387E+17;-3,87625E+17
2929800;Saúde;-109.428;-404.155;-1,09428E+17;-4,04155E+17
2929909;Seabra;-124.169;-417.722;-1,24169E+17;-4,17722E+17
2930006;Sebastião Laranjeiras;-14.571;-429.434;-1,4571E+16;-4,29434E+17
2930105;Senhor do Bonfim;-104.594;-401.865;-1,04594E+17;-4,01865E+17
2930204;Sento Sé;-974.138;-418.786;-9,74138E+17;-4,18786E+17
2930154;Serra do Ramalho;-135.659;-435.929;-1,35659E+17;-4,35929E+17
2930303;Serra Dourada;-12.759;-439.504;-1,2759E+16;-4,39504E+17
2930402;Serra Preta;-12.156;-393.305;-1,2156E+16;-3,93305E+17
2930501;Serrinha;-116.584;-39.01;-1,16584E+17;#VALOR!
2930600;Serrolândia;-114.085;-402.983;-1,14085E+17;-4,02983E+17
2930709;Simões Filho;-127.866;-384.029;-1,27866E+17;-3,84029E+17
2930758;Sítio do Mato;-130.801;-434.689;-1,30801E+17;-4,34689E+17
2930766;Sítio do Quinto;-103.545;-382.213;-1,03545E+17;-3,82213E+17
2930774;Sobradinho;-945.024;-408.145;-9,45024E+17;-4,08145E+17
2930808;Souto Soares;-12.088;-416.427;-1,2088E+16;-4,16427E+17
2930907;Tabocas do Brejo Velho;-127.026;-440.075;-1,27026E+17;-4,40075E+17
2931004;Tanhaçu;-140.197;-412.473;-1,40197E+17;-4,12473E+17
2931053;Tanque Novo;-135.485;-424.934;-1,35485E+17;-4,24934E+17
2931103;Tanquinho;-11.968;-391.033;-1,1968E+16;-3,91033E+17
2931202;Taperoá;-135.321;-391.009;-1,35321E+17;-3,91009E+17
2931301;Tapiramutá;-118.475;-407.927;-1,18475E+17;-4,07927E+17
2931350;Teixeira de Freitas;-175.399;-39.74;-1,75399E+17;#VALOR!
2931400;Teodoro Sampaio;-12.295;-386.347;-1,2295E+16;-3,86347E+17
2931509;Teofilândia;-114.827;-389.913;-1,14827E+17;-3,89913E+17
2931608;Teolândia;-135.896;-39.484;-1,35896E+17;-3,9484E+16
2931707;Terra Nova;-123.888;-386.238;-1,23888E+17;-3,86238E+17
2931806;Tremedal;-149.736;-414.142;-1,49736E+17;-4,14142E+17
2931905;Tucano;-109.584;-387.894;-1,09584E+17;-3,87894E+17
2932002;Uauá;-983.325;-394.794;-9,83325E+17;-3,94794E+17
2932101;Ubaíra;-132.714;-39.666;-1,32714E+17;-3,9666E+16
2932200;Ubaitaba;-14.303;-393.222;-1,4303E+16;-3,93222E+17
2932309;Ubatã;-142.063;-395.207;-1,42063E+17;-3,95207E+17
2932408;Uibaí;-113.394;-421.354;-1,13394E+17;-4,21354E+17
2932457;Umburanas;-107.339;-413.234;-1,07339E+17;-4,13234E+17
2932507;Una;-152.791;-390.765;-1,52791E+17;-3,90765E+17
2932606;Urandi;-147.678;-426.498;-1,47678E+17;-4,26498E+17
2932705;Uruçuca;-145.963;-392.851;-1,45963E+17;-3,92851E+17
2932804;Utinga;-120.783;-410.954;-1,20783E+17;-4,10954E+17
2932903;Valença;-133.669;-39.073;-1,33669E+17;-3,9073E+16
2933000;Valente;-114.062;-39.457;-1,14062E+17;-3,9457E+16
2933059;Várzea da Roça;-116.005;-401.328;-1,16005E+17;-4,01328E+17
2933109;Várzea do Poço;-115.273;-403.149;-1,15273E+17;-4,03149E+17
2933158;Várzea Nova;-112.557;-409.432;-1,12557E+17;-4,09432E+17
2933174;Varzedo;-129.672;-393.919;-1,29672E+17;-3,93919E+17
2933208;Vera Cruz;-129.568;-386.153;-1,29568E+17;-3,86153E+17
2933257;Vereda;-172.183;-400.974;-1,72183E+17;-4,00974E+17
2933307;Vitória da Conquista;-148.615;-408.442;-1,48615E+17;-4,08442E+17
2933406;Wagner;-122.819;-411.715;-1,22819E+17;-4,11715E+17
2933455;Wanderley;-121.144;-438.958;-1,21144E+17;-4,38958E+17
2933505;Wenceslau Guimarães;-136.908;-394.762;-1,36908E+17;-3,94762E+17
2933604;Xique-Xique;-10.823;-427.245;-1,0823E+16;-4,27245E+17
