Genero;Ano;Populacao;FaixaEtaria
Homem;2010;579001;00-04
Homem;2011;568243;00-04
Homem;2012;559442;00-04
Homem;2013;549058;00-04
Homem;2014;539080;00-04
Homem;2015;533582;00-04
Homem;2016;529044;00-04
Homem;2017;525467;00-04
Homem;2018;525960;00-04
Homem;2019;526730;00-04
Homem;2020;525049;00-04
Homem;2021;523332;00-04
Homem;2022;520398;00-04
Homem;2023;514609;00-04
Homem;2024;508512;00-04
Homem;2025;502132;00-04
Homem;2026;495519;00-04
Homem;2027;488758;00-04
Homem;2028;481881;00-04
Homem;2029;474889;00-04
Homem;2030;467859;00-04
Homem;2031;460859;00-04
Homem;2032;453919;00-04
Homem;2033;447087;00-04
Homem;2034;440397;00-04
Homem;2035;433846;00-04
Homem;2036;427453;00-04
Homem;2037;421232;00-04
Homem;2038;415170;00-04
Homem;2039;409254;00-04
Homem;2040;403490;00-04
Homem;2041;397892;00-04
Homem;2042;392477;00-04
Homem;2043;387239;00-04
Homem;2044;382174;00-04
Homem;2045;377269;00-04
Homem;2046;372509;00-04
Homem;2047;367878;00-04
Homem;2048;363358;00-04
Homem;2049;358948;00-04
Homem;2050;354621;00-04
Homem;2051;350337;00-04
Homem;2052;346056;00-04
Homem;2053;341757;00-04
Homem;2054;337423;00-04
Homem;2055;333044;00-04
Homem;2056;328610;00-04
Homem;2057;324121;00-04
Homem;2058;319580;00-04
Homem;2059;314988;00-04
Homem;2060;310363;00-04
Mulher;2010;-554643;00-04
Mulher;2011;-543844;00-04
Mulher;2012;-535038;00-04
Mulher;2013;-524811;00-04
Mulher;2014;-515038;00-04
Mulher;2015;-509586;00-04
Mulher;2016;-505091;00-04
Mulher;2017;-501539;00-04
Mulher;2018;-501883;00-04
Mulher;2019;-502517;00-04
Mulher;2020;-500827;00-04
Mulher;2021;-499112;00-04
Mulher;2022;-496250;00-04
Mulher;2023;-490673;00-04
Mulher;2024;-484811;00-04
Mulher;2025;-478683;00-04
Mulher;2026;-472343;00-04
Mulher;2027;-465871;00-04
Mulher;2028;-459290;00-04
Mulher;2029;-452603;00-04
Mulher;2030;-445884;00-04
Mulher;2031;-439192;00-04
Mulher;2032;-432563;00-04
Mulher;2033;-426039;00-04
Mulher;2034;-419652;00-04
Mulher;2035;-413401;00-04
Mulher;2036;-407299;00-04
Mulher;2037;-401364;00-04
Mulher;2038;-395579;00-04
Mulher;2039;-389936;00-04
Mulher;2040;-384438;00-04
Mulher;2041;-379098;00-04
Mulher;2042;-373934;00-04
Mulher;2043;-368942;00-04
Mulher;2044;-364110;00-04
Mulher;2045;-359434;00-04
Mulher;2046;-354896;00-04
Mulher;2047;-350477;00-04
Mulher;2048;-346168;00-04
Mulher;2049;-341964;00-04
Mulher;2050;-337840;00-04
Mulher;2051;-333758;00-04
Mulher;2052;-329675;00-04
Mulher;2053;-325575;00-04
Mulher;2054;-321444;00-04
Mulher;2055;-317270;00-04
Mulher;2056;-313045;00-04
Mulher;2057;-308766;00-04
Mulher;2058;-304440;00-04
Mulher;2059;-300062;00-04
Mulher;2060;-295655;00-04
Homem;2010;631196;05-09
Homem;2011;619165;05-09
Homem;2012;607789;05-09
Homem;2013;596020;05-09
Homem;2014;584639;05-09
Homem;2015;572562;05-09
Homem;2016;561950;05-09
Homem;2017;553286;05-09
Homem;2018;543039;05-09
Homem;2019;533188;05-09
Homem;2020;527807;05-09
Homem;2021;523386;05-09
Homem;2022;519919;05-09
Homem;2023;520511;05-09
Homem;2024;521380;05-09
Homem;2025;519801;05-09
Homem;2026;518188;05-09
Homem;2027;515360;05-09
Homem;2028;509678;05-09
Homem;2029;503690;05-09
Homem;2030;497414;05-09
Homem;2031;490899;05-09
Homem;2032;484224;05-09
Homem;2033;477421;05-09
Homem;2034;470484;05-09
Homem;2035;463494;05-09
Homem;2036;456523;05-09
Homem;2037;449608;05-09
Homem;2038;442802;05-09
Homem;2039;436141;05-09
Homem;2040;429615;05-09
Homem;2041;423243;05-09
Homem;2042;417044;05-09
Homem;2043;411006;05-09
Homem;2044;405110;05-09
Homem;2045;399367;05-09
Homem;2046;393792;05-09
Homem;2047;388393;05-09
Homem;2048;383172;05-09
Homem;2049;378126;05-09
Homem;2050;373236;05-09
Homem;2051;368488;05-09
Homem;2052;363874;05-09
Homem;2053;359368;05-09
Homem;2054;354971;05-09
Homem;2055;350657;05-09
Homem;2056;346388;05-09
Homem;2057;342120;05-09
Homem;2058;337831;05-09
Homem;2059;333510;05-09
Homem;2060;329143;05-09
Mulher;2010;-609503;05-09
Mulher;2011;-596761;05-09
Mulher;2012;-584787;05-09
Mulher;2013;-572555;05-09
Mulher;2014;-560840;05-09
Mulher;2015;-548625;05-09
Mulher;2016;-537969;05-09
Mulher;2017;-529294;05-09
Mulher;2018;-519202;05-09
Mulher;2019;-509553;05-09
Mulher;2020;-504213;05-09
Mulher;2021;-499830;05-09
Mulher;2022;-496381;05-09
Mulher;2023;-496826;05-09
Mulher;2024;-497559;05-09
Mulher;2025;-495969;05-09
Mulher;2026;-494355;05-09
Mulher;2027;-491591;05-09
Mulher;2028;-486116;05-09
Mulher;2029;-480354;05-09
Mulher;2030;-474325;05-09
Mulher;2031;-468078;05-09
Mulher;2032;-461678;05-09
Mulher;2033;-455156;05-09
Mulher;2034;-448515;05-09
Mulher;2035;-441824;05-09
Mulher;2036;-435150;05-09
Mulher;2037;-428539;05-09
Mulher;2038;-422034;05-09
Mulher;2039;-415663;05-09
Mulher;2040;-409426;05-09
Mulher;2041;-403339;05-09
Mulher;2042;-397415;05-09
Mulher;2043;-391639;05-09
Mulher;2044;-386009;05-09
Mulher;2045;-380523;05-09
Mulher;2046;-375195;05-09
Mulher;2047;-370043;05-09
Mulher;2048;-365059;05-09
Mulher;2049;-360236;05-09
Mulher;2050;-355569;05-09
Mulher;2051;-351034;05-09
Mulher;2052;-346625;05-09
Mulher;2053;-342324;05-09
Mulher;2054;-338126;05-09
Mulher;2055;-334009;05-09
Mulher;2056;-329934;05-09
Mulher;2057;-325861;05-09
Mulher;2058;-321766;05-09
Mulher;2059;-317643;05-09
Mulher;2060;-313472;05-09
Homem;2010;690972;10-14
Homem;2011;681320;10-14
Homem;2012;667284;10-14
Homem;2013;653115;10-14
Homem;2014;639020;10-14
Homem;2015;625828;10-14
Homem;2016;613909;10-14
Homem;2017;602637;10-14
Homem;2018;590974;10-14
Homem;2019;579699;10-14
Homem;2020;567728;10-14
Homem;2021;557217;10-14
Homem;2022;548648;10-14
Homem;2023;538502;10-14
Homem;2024;528753;10-14
Homem;2025;523462;10-14
Homem;2026;519127;10-14
Homem;2027;515742;10-14
Homem;2028;516409;10-14
Homem;2029;517351;10-14
Homem;2030;515848;10-14
Homem;2031;514307;10-14
Homem;2032;511541;10-14
Homem;2033;505913;10-14
Homem;2034;499972;10-14
Homem;2035;493729;10-14
Homem;2036;487237;10-14
Homem;2037;480590;10-14
Homem;2038;473813;10-14
Homem;2039;466898;10-14
Homem;2040;459932;10-14
Homem;2041;452983;10-14
Homem;2042;446090;10-14
Homem;2043;439305;10-14
Homem;2044;432666;10-14
Homem;2045;426160;10-14
Homem;2046;419805;10-14
Homem;2047;413626;10-14
Homem;2048;407610;10-14
Homem;2049;401727;10-14
Homem;2050;396001;10-14
Homem;2051;390443;10-14
Homem;2052;385057;10-14
Homem;2053;379849;10-14
Homem;2054;374816;10-14
Homem;2055;369940;10-14
Homem;2056;365204;10-14
Homem;2057;360603;10-14
Homem;2058;356108;10-14
Homem;2059;351723;10-14
Homem;2060;347420;10-14
Mulher;2010;-667016;10-14
Mulher;2011;-657348;10-14
Mulher;2012;-643837;10-14
Mulher;2013;-630391;10-14
Mulher;2014;-616895;10-14
Mulher;2015;-603945;10-14
Mulher;2016;-591315;10-14
Mulher;2017;-579455;10-14
Mulher;2018;-567332;10-14
Mulher;2019;-555724;10-14
Mulher;2020;-543619;10-14
Mulher;2021;-533062;10-14
Mulher;2022;-524484;10-14
Mulher;2023;-514493;10-14
Mulher;2024;-504944;10-14
Mulher;2025;-499697;10-14
Mulher;2026;-495403;10-14
Mulher;2027;-492041;10-14
Mulher;2028;-492570;10-14
Mulher;2029;-493385;10-14
Mulher;2030;-491879;10-14
Mulher;2031;-490340;10-14
Mulher;2032;-487639;10-14
Mulher;2033;-482213;10-14
Mulher;2034;-476486;10-14
Mulher;2035;-470474;10-14
Mulher;2036;-464238;10-14
Mulher;2037;-457848;10-14
Mulher;2038;-451338;10-14
Mulher;2039;-444708;10-14
Mulher;2040;-438029;10-14
Mulher;2041;-431362;10-14
Mulher;2042;-424763;10-14
Mulher;2043;-418269;10-14
Mulher;2044;-411905;10-14
Mulher;2045;-405674;10-14
Mulher;2046;-399593;10-14
Mulher;2047;-393677;10-14
Mulher;2048;-387912;10-14
Mulher;2049;-382292;10-14
Mulher;2050;-376811;10-14
Mulher;2051;-371490;10-14
Mulher;2052;-366343;10-14
Mulher;2053;-361360;10-14
Mulher;2054;-356541;10-14
Mulher;2055;-351878;10-14
Mulher;2056;-347348;10-14
Mulher;2057;-342947;10-14
Mulher;2058;-338653;10-14
Mulher;2059;-334463;10-14
Mulher;2060;-330349;10-14
Homem;2010;677584;15-19
Homem;2011;677820;15-19
Homem;2012;679248;15-19
Homem;2013;680510;15-19
Homem;2014;679604;15-19
Homem;2015;675357;15-19
Homem;2016;665983;15-19
Homem;2017;652275;15-19
Homem;2018;638452;15-19
Homem;2019;624715;15-19
Homem;2020;611864;15-19
Homem;2021;600258;15-19
Homem;2022;589280;15-19
Homem;2023;577930;15-19
Homem;2024;566968;15-19
Homem;2025;555306;15-19
Homem;2026;545087;15-19
Homem;2027;536790;15-19
Homem;2028;526932;15-19
Homem;2029;517464;15-19
Homem;2030;512429;15-19
Homem;2031;508306;15-19
Homem;2032;505093;15-19
Homem;2033;505862;15-19
Homem;2034;506868;15-19
Homem;2035;505428;15-19
Homem;2036;503936;15-19
Homem;2037;501222;15-19
Homem;2038;495673;15-19
Homem;2039;489812;15-19
Homem;2040;483645;15-19
Homem;2041;477232;15-19
Homem;2042;470661;15-19
Homem;2043;463959;15-19
Homem;2044;457114;15-19
Homem;2045;450220;15-19
Homem;2046;443342;15-19
Homem;2047;436517;15-19
Homem;2048;429798;15-19
Homem;2049;423228;15-19
Homem;2050;416783;15-19
Homem;2051;410487;15-19
Homem;2052;404365;15-19
Homem;2053;398402;15-19
Homem;2054;392571;15-19
Homem;2055;386891;15-19
Homem;2056;381384;15-19
Homem;2057;376043;15-19
Homem;2058;370879;15-19
Homem;2059;365889;15-19
Homem;2060;361053;15-19
Mulher;2010;-667955;15-19
Mulher;2011;-665271;15-19
Mulher;2012;-663740;15-19
Mulher;2013;-662250;15-19
Mulher;2014;-659134;15-19
Mulher;2015;-653396;15-19
Mulher;2016;-643974;15-19
Mulher;2017;-630716;15-19
Mulher;2018;-617523;15-19
Mulher;2019;-604276;15-19
Mulher;2020;-591570;15-19
Mulher;2021;-579185;15-19
Mulher;2022;-567560;15-19
Mulher;2023;-555672;15-19
Mulher;2024;-544294;15-19
Mulher;2025;-532421;15-19
Mulher;2026;-522093;15-19
Mulher;2027;-513740;15-19
Mulher;2028;-503971;15-19
Mulher;2029;-494644;15-19
Mulher;2030;-489609;15-19
Mulher;2031;-485498;15-19
Mulher;2032;-482264;15-19
Mulher;2033;-482872;15-19
Mulher;2034;-483728;15-19
Mulher;2035;-482242;15-19
Mulher;2036;-480713;15-19
Mulher;2037;-478025;15-19
Mulher;2038;-472615;15-19
Mulher;2039;-466902;15-19
Mulher;2040;-460903;15-19
Mulher;2041;-454683;15-19
Mulher;2042;-448310;15-19
Mulher;2043;-441813;15-19
Mulher;2044;-435198;15-19
Mulher;2045;-428534;15-19
Mulher;2046;-421881;15-19
Mulher;2047;-415293;15-19
Mulher;2048;-408808;15-19
Mulher;2049;-402454;15-19
Mulher;2050;-396236;15-19
Mulher;2051;-390168;15-19
Mulher;2052;-384260;15-19
Mulher;2053;-378506;15-19
Mulher;2054;-372894;15-19
Mulher;2055;-367420;15-19
Mulher;2056;-362105;15-19
Mulher;2057;-356968;15-19
Mulher;2058;-351995;15-19
Mulher;2059;-347184;15-19
Mulher;2060;-342533;15-19
Homem;2010;656004;20-24
Homem;2011;647084;20-24
Homem;2012;641164;20-24
Homem;2013;637846;20-24
Homem;2014;636353;20-24
Homem;2015;636073;20-24
Homem;2016;636921;20-24
Homem;2017;638942;20-24
Homem;2018;640807;20-24
Homem;2019;640526;20-24
Homem;2020;636955;20-24
Homem;2021;628333;20-24
Homem;2022;615447;20-24
Homem;2023;602447;20-24
Homem;2024;589529;20-24
Homem;2025;577481;20-24
Homem;2026;566643;20-24
Homem;2027;556416;20-24
Homem;2028;545820;20-24
Homem;2029;535606;20-24
Homem;2030;524689;20-24
Homem;2031;515124;20-24
Homem;2032;507322;20-24
Homem;2033;497872;20-24
Homem;2034;488718;20-24
Homem;2035;483874;20-24
Homem;2036;479899;20-24
Homem;2037;476818;20-24
Homem;2038;477665;20-24
Homem;2039;478745;20-24
Homem;2040;477404;20-24
Homem;2041;476005;20-24
Homem;2042;473399;20-24
Homem;2043;467990;20-24
Homem;2044;462264;20-24
Homem;2045;456238;20-24
Homem;2046;449961;20-24
Homem;2047;443526;20-24
Homem;2048;436956;20-24
Homem;2049;430243;20-24
Homem;2050;423479;20-24
Homem;2051;416726;20-24
Homem;2052;410023;20-24
Homem;2053;403423;20-24
Homem;2054;396967;20-24
Homem;2055;390632;20-24
Homem;2056;384439;20-24
Homem;2057;378417;20-24
Homem;2058;372548;20-24
Homem;2059;366811;20-24
Homem;2060;361223;20-24
Mulher;2010;-666300;20-24
Mulher;2011;-657566;20-24
Mulher;2012;-650869;20-24
Mulher;2013;-645950;20-24
Mulher;2014;-642188;20-24
Mulher;2015;-639109;20-24
Mulher;2016;-636906;20-24
Mulher;2017;-635848;20-24
Mulher;2018;-634829;20-24
Mulher;2019;-632187;20-24
Mulher;2020;-626927;20-24
Mulher;2021;-617990;20-24
Mulher;2022;-605223;20-24
Mulher;2023;-592514;20-24
Mulher;2024;-579752;20-24
Mulher;2025;-567524;20-24
Mulher;2026;-555614;20-24
Mulher;2027;-544459;20-24
Mulher;2028;-533043;20-24
Mulher;2029;-522132;20-24
Mulher;2030;-510729;20-24
Mulher;2031;-500807;20-24
Mulher;2032;-492756;20-24
Mulher;2033;-483202;20-24
Mulher;2034;-474012;20-24
Mulher;2035;-469035;20-24
Mulher;2036;-464944;20-24
Mulher;2037;-461733;20-24
Mulher;2038;-462350;20-24
Mulher;2039;-463215;20-24
Mulher;2040;-461741;20-24
Mulher;2041;-460224;20-24
Mulher;2042;-457546;20-24
Mulher;2043;-452157;20-24
Mulher;2044;-446462;20-24
Mulher;2045;-440479;20-24
Mulher;2046;-434280;20-24
Mulher;2047;-427926;20-24
Mulher;2048;-421447;20-24
Mulher;2049;-414850;20-24
Mulher;2050;-408202;20-24
Mulher;2051;-401565;20-24
Mulher;2052;-394993;20-24
Mulher;2053;-388522;20-24
Mulher;2054;-382184;20-24
Mulher;2055;-375980;20-24
Mulher;2056;-369926;20-24
Mulher;2057;-364028;20-24
Mulher;2058;-358287;20-24
Mulher;2059;-352690;20-24
Mulher;2060;-347228;20-24
Homem;2010;651338;25-29
Homem;2011;647366;25-29
Homem;2012;639016;25-29
Homem;2013;627906;25-29
Homem;2014;616549;25-29
Homem;2015;606526;25-29
Homem;2016;598501;25-29
Homem;2017;593421;25-29
Homem;2018;590893;25-29
Homem;2019;590157;25-29
Homem;2020;590611;25-29
Homem;2021;592173;25-29
Homem;2022;594884;25-29
Homem;2023;597444;25-29
Homem;2024;597896;25-29
Homem;2025;595116;25-29
Homem;2026;587367;25-29
Homem;2027;575414;25-29
Homem;2028;563344;25-29
Homem;2029;551348;25-29
Homem;2030;540197;25-29
Homem;2031;530185;25-29
Homem;2032;520668;25-29
Homem;2033;510667;25-29
Homem;2034;500917;25-29
Homem;2035;490344;25-29
Homem;2036;481024;25-29
Homem;2037;473435;25-29
Homem;2038;464220;25-29
Homem;2039;455283;25-29
Homem;2040;450598;25-29
Homem;2041;446762;25-29
Homem;2042;443806;25-29
Homem;2043;444726;25-29
Homem;2044;445875;25-29
Homem;2045;444629;25-29
Homem;2046;443330;25-29
Homem;2047;440829;25-29
Homem;2048;435558;25-29
Homem;2049;429971;25-29
Homem;2050;424086;25-29
Homem;2051;417945;25-29
Homem;2052;411645;25-29
Homem;2053;405213;25-29
Homem;2054;398630;25-29
Homem;2055;391996;25-29
Homem;2056;385371;25-29
Homem;2057;378790;25-29
Homem;2058;372310;25-29
Homem;2059;365968;25-29
Homem;2060;359743;25-29
Mulher;2010;-675527;25-29
Mulher;2011;-673850;25-29
Mulher;2012;-667154;25-29
Mulher;2013;-657120;25-29
Mulher;2014;-646433;25-29
Mulher;2015;-636821;25-29
Mulher;2016;-628604;25-29
Mulher;2017;-622409;25-29
Mulher;2018;-617986;25-29
Mulher;2019;-614713;25-29
Mulher;2020;-612117;25-29
Mulher;2021;-610392;25-29
Mulher;2022;-609808;25-29
Mulher;2023;-609255;25-29
Mulher;2024;-607079;25-29
Mulher;2025;-602291;25-29
Mulher;2026;-593833;25-29
Mulher;2027;-581557;25-29
Mulher;2028;-569333;25-29
Mulher;2029;-557056;25-29
Mulher;2030;-545309;25-29
Mulher;2031;-533846;25-29
Mulher;2032;-523065;25-29
Mulher;2033;-511942;25-29
Mulher;2034;-501231;25-29
Mulher;2035;-489932;25-29
Mulher;2036;-480059;25-29
Mulher;2037;-472043;25-29
Mulher;2038;-462530;25-29
Mulher;2039;-453374;25-29
Mulher;2040;-448421;25-29
Mulher;2041;-444353;25-29
Mulher;2042;-441164;25-29
Mulher;2043;-441791;25-29
Mulher;2044;-442664;25-29
Mulher;2045;-441205;25-29
Mulher;2046;-439701;25-29
Mulher;2047;-437034;25-29
Mulher;2048;-431664;25-29
Mulher;2049;-425991;25-29
Mulher;2050;-420028;25-29
Mulher;2051;-413847;25-29
Mulher;2052;-407516;25-29
Mulher;2053;-401054;25-29
Mulher;2054;-394477;25-29
Mulher;2055;-387848;25-29
Mulher;2056;-381230;25-29
Mulher;2057;-374676;25-29
Mulher;2058;-368223;25-29
Mulher;2059;-361904;25-29
Mulher;2060;-355716;25-29
Homem;2010;580774;30-34
Homem;2011;593557;30-34
Homem;2012;604415;30-34
Homem;2013;612608;30-34
Homem;2014;617228;30-34
Homem;2015;617818;30-34
Homem;2016;614400;30-34
Homem;2017;606691;30-34
Homem;2018;596276;30-34
Homem;2019;585613;30-34
Homem;2020;576255;30-34
Homem;2021;568857;30-34
Homem;2022;564344;30-34
Homem;2023;562332;30-34
Homem;2024;562079;30-34
Homem;2025;562993;30-34
Homem;2026;564992;30-34
Homem;2027;568126;30-34
Homem;2028;571107;30-34
Homem;2029;572015;30-34
Homem;2030;569746;30-34
Homem;2031;562558;30-34
Homem;2032;551182;30-34
Homem;2033;539623;30-34
Homem;2034;528055;30-34
Homem;2035;517235;30-34
Homem;2036;507481;30-34
Homem;2037;498208;30-34
Homem;2038;488457;30-34
Homem;2039;478946;30-34
Homem;2040;468613;30-34
Homem;2041;459512;30-34
Homem;2042;452110;30-34
Homem;2043;443102;30-34
Homem;2044;434364;30-34
Homem;2045;429819;30-34
Homem;2046;426108;30-34
Homem;2047;423265;30-34
Homem;2048;424246;30-34
Homem;2049;425448;30-34
Homem;2050;424283;30-34
Homem;2051;423065;30-34
Homem;2052;420655;30-34
Homem;2053;415504;30-34
Homem;2054;410040;30-34
Homem;2055;404277;30-34
Homem;2056;398258;30-34
Homem;2057;392080;30-34
Homem;2058;385769;30-34
Homem;2059;379305;30-34
Homem;2060;372787;30-34
Mulher;2010;-606154;30-34
Mulher;2011;-621602;30-34
Mulher;2012;-635599;30-34
Mulher;2013;-647136;30-34
Mulher;2014;-654885;30-34
Mulher;2015;-658109;30-34
Mulher;2016;-656749;30-34
Mulher;2017;-650389;30-34
Mulher;2018;-640707;30-34
Mulher;2019;-630364;30-34
Mulher;2020;-621087;30-34
Mulher;2021;-613196;30-34
Mulher;2022;-607308;30-34
Mulher;2023;-603187;30-34
Mulher;2024;-600205;30-34
Mulher;2025;-597890;30-34
Mulher;2026;-596439;30-34
Mulher;2027;-596121;30-34
Mulher;2028;-595834;30-34
Mulher;2029;-593925;30-34
Mulher;2030;-589406;30-34
Mulher;2031;-581215;30-34
Mulher;2032;-569185;30-34
Mulher;2033;-557167;30-34
Mulher;2034;-545050;30-34
Mulher;2035;-533404;30-34
Mulher;2036;-522013;30-34
Mulher;2037;-511296;30-34
Mulher;2038;-500235;30-34
Mulher;2039;-489582;30-34
Mulher;2040;-478339;30-34
Mulher;2041;-468516;30-34
Mulher;2042;-460540;30-34
Mulher;2043;-451073;30-34
Mulher;2044;-441962;30-34
Mulher;2045;-437042;30-34
Mulher;2046;-432999;30-34
Mulher;2047;-429834;30-34
Mulher;2048;-430471;30-34
Mulher;2049;-431351;30-34
Mulher;2050;-429904;30-34
Mulher;2051;-428413;30-34
Mulher;2052;-425761;30-34
Mulher;2053;-420417;30-34
Mulher;2054;-414767;30-34
Mulher;2055;-408828;30-34
Mulher;2056;-402673;30-34
Mulher;2057;-396367;30-34
Mulher;2058;-389929;30-34
Mulher;2059;-383373;30-34
Mulher;2060;-376770;30-34
Homem;2010;484645;35-39
Homem;2011;496421;35-39
Homem;2012;511478;35-39
Homem;2013;528420;35-39
Homem;2014;544975;35-39
Homem;2015;559614;35-39
Homem;2016;572419;35-39
Homem;2017;583348;35-39
Homem;2018;591668;35-39
Homem;2019;596499;35-39
Homem;2020;597384;35-39
Homem;2021;594332;35-39
Homem;2022;587076;35-39
Homem;2023;577160;35-39
Homem;2024;566997;35-39
Homem;2025;558109;35-39
Homem;2026;551140;35-39
Homem;2027;546996;35-39
Homem;2028;545303;35-39
Homem;2029;545331;35-39
Homem;2030;546507;35-39
Homem;2031;548743;35-39
Homem;2032;552070;35-39
Homem;2033;555224;35-39
Homem;2034;556308;35-39
Homem;2035;554221;35-39
Homem;2036;547272;35-39
Homem;2037;536196;35-39
Homem;2038;524929;35-39
Homem;2039;513651;35-39
Homem;2040;503098;35-39
Homem;2041;493590;35-39
Homem;2042;484551;35-39
Homem;2043;475030;35-39
Homem;2044;465742;35-39
Homem;2045;455642;35-39
Homem;2046;446749;35-39
Homem;2047;439526;35-39
Homem;2048;430712;35-39
Homem;2049;422165;35-39
Homem;2050;417750;35-39
Homem;2051;414155;35-39
Homem;2052;411413;35-39
Homem;2053;412443;35-39
Homem;2054;413690;35-39
Homem;2055;412595;35-39
Homem;2056;411450;35-39
Homem;2057;409123;35-39
Homem;2058;404086;35-39
Homem;2059;398740;35-39
Homem;2060;393092;35-39
Mulher;2010;-511216;35-39
Mulher;2011;-524889;35-39
Mulher;2012;-541765;35-39
Mulher;2013;-560573;35-39
Mulher;2014;-579221;35-39
Mulher;2015;-596259;35-39
Mulher;2016;-611798;35-39
Mulher;2017;-625896;35-39
Mulher;2018;-637545;35-39
Mulher;2019;-645431;35-39
Mulher;2020;-648817;35-39
Mulher;2021;-647644;35-39
Mulher;2022;-641497;35-39
Mulher;2023;-632041;35-39
Mulher;2024;-621927;35-39
Mulher;2025;-612867;35-39
Mulher;2026;-605174;35-39
Mulher;2027;-599472;35-39
Mulher;2028;-595517;35-39
Mulher;2029;-592694;35-39
Mulher;2030;-590533;35-39
Mulher;2031;-589225;35-39
Mulher;2032;-589028;35-39
Mulher;2033;-588843;35-39
Mulher;2034;-587016;35-39
Mulher;2035;-582574;35-39
Mulher;2036;-574459;35-39
Mulher;2037;-562518;35-39
Mulher;2038;-550590;35-39
Mulher;2039;-538563;35-39
Mulher;2040;-526998;35-39
Mulher;2041;-515679;35-39
Mulher;2042;-505031;35-39
Mulher;2043;-494043;35-39
Mulher;2044;-483461;35-39
Mulher;2045;-472290;35-39
Mulher;2046;-462529;35-39
Mulher;2047;-454600;35-39
Mulher;2048;-445190;35-39
Mulher;2049;-436131;35-39
Mulher;2050;-431247;35-39
Mulher;2051;-427232;35-39
Mulher;2052;-424091;35-39
Mulher;2053;-424738;35-39
Mulher;2054;-425624;35-39
Mulher;2055;-424195;35-39
Mulher;2056;-422719;35-39
Mulher;2057;-420085;35-39
Mulher;2058;-414769;35-39
Mulher;2059;-409148;35-39
Mulher;2060;-403238;35-39
Homem;2010;445460;40-44
Homem;2011;450536;40-44
Homem;2012;453370;40-44
Homem;2013;455726;40-44
Homem;2014;460321;40-44
Homem;2015;468752;40-44
Homem;2016;480461;40-44
Homem;2017;495378;40-44
Homem;2018;512145;40-44
Homem;2019;528542;40-44
Homem;2020;543072;40-44
Homem;2021;555822;40-44
Homem;2022;566742;40-44
Homem;2023;575117;40-44
Homem;2024;580079;40-44
Homem;2025;581176;40-44
Homem;2026;578421;40-44
Homem;2027;571544;40-44
Homem;2028;562058;40-44
Homem;2029;552328;40-44
Homem;2030;543838;40-44
Homem;2031;537218;40-44
Homem;2032;533350;40-44
Homem;2033;531871;40-44
Homem;2034;532064;40-44
Homem;2035;533366;40-44
Homem;2036;535696;40-44
Homem;2037;539093;40-44
Homem;2038;542322;40-44
Homem;2039;543512;40-44
Homem;2040;541581;40-44
Homem;2041;534860;40-44
Homem;2042;524082;40-44
Homem;2043;513114;40-44
Homem;2044;502129;40-44
Homem;2045;491850;40-44
Homem;2046;482588;40-44
Homem;2047;473779;40-44
Homem;2048;464500;40-44
Homem;2049;455443;40-44
Homem;2050;445579;40-44
Homem;2051;436893;40-44
Homem;2052;429853;40-44
Homem;2053;421244;40-44
Homem;2054;412887;40-44
Homem;2055;408605;40-44
Homem;2056;405123;40-44
Homem;2057;402481;40-44
Homem;2058;403555;40-44
Homem;2059;404838;40-44
Homem;2060;403812;40-44
Mulher;2010;-470584;40-44
Mulher;2011;-477276;40-44
Mulher;2012;-481915;40-44
Mulher;2013;-486191;40-44
Mulher;2014;-492760;40-44
Mulher;2015;-503191;40-44
Mulher;2016;-516907;40-44
Mulher;2017;-533790;40-44
Mulher;2018;-552585;40-44
Mulher;2019;-571225;40-44
Mulher;2020;-588270;40-44
Mulher;2021;-603828;40-44
Mulher;2022;-617960;40-44
Mulher;2023;-629661;40-44
Mulher;2024;-637622;40-44
Mulher;2025;-641115;40-44
Mulher;2026;-640083;40-44
Mulher;2027;-634112;40-44
Mulher;2028;-624857;40-44
Mulher;2029;-614939;40-44
Mulher;2030;-606065;40-44
Mulher;2031;-598538;40-44
Mulher;2032;-592974;40-44
Mulher;2033;-589127;40-44
Mulher;2034;-586396;40-44
Mulher;2035;-584306;40-44
Mulher;2036;-583054;40-44
Mulher;2037;-582908;40-44
Mulher;2038;-582768;40-44
Mulher;2039;-580991;40-44
Mulher;2040;-576611;40-44
Mulher;2041;-568579;40-44
Mulher;2042;-556743;40-44
Mulher;2043;-544919;40-44
Mulher;2044;-532999;40-44
Mulher;2045;-521534;40-44
Mulher;2046;-510309;40-44
Mulher;2047;-499749;40-44
Mulher;2048;-488852;40-44
Mulher;2049;-478355;40-44
Mulher;2050;-467268;40-44
Mulher;2051;-457580;40-44
Mulher;2052;-449714;40-44
Mulher;2053;-440372;40-44
Mulher;2054;-431382;40-44
Mulher;2055;-426541;40-44
Mulher;2056;-422562;40-44
Mulher;2057;-419454;40-44
Mulher;2058;-420108;40-44
Mulher;2059;-420997;40-44
Mulher;2060;-419585;40-44
Homem;2010;383468;45-49
Homem;2011;392854;45-49
Homem;2012;402964;45-49
Homem;2013;413023;45-49
Homem;2014;421812;45-49
Homem;2015;428710;45-49
Homem;2016;433816;45-49
Homem;2017;436759;45-49
Homem;2018;439252;45-49
Homem;2019;443929;45-49
Homem;2020;452343;45-49
Homem;2021;463941;45-49
Homem;2022;478657;45-49
Homem;2023;495167;45-49
Homem;2024;511321;45-49
Homem;2025;525676;45-49
Homem;2026;538304;45-49
Homem;2027;549158;45-49
Homem;2028;557541;45-49
Homem;2029;562602;45-49
Homem;2030;563887;45-49
Homem;2031;561415;45-49
Homem;2032;554917;45-49
Homem;2033;545867;45-49
Homem;2034;536569;45-49
Homem;2035;528466;45-49
Homem;2036;522176;45-49
Homem;2037;518565;45-49
Homem;2038;517279;45-49
Homem;2039;517621;45-49
Homem;2040;519042;45-49
Homem;2041;521464;45-49
Homem;2042;524927;45-49
Homem;2043;528219;45-49
Homem;2044;529510;45-49
Homem;2045;527734;45-49
Homem;2046;521263;45-49
Homem;2047;510820;45-49
Homem;2048;500202;45-49
Homem;2049;489567;45-49
Homem;2050;479618;45-49
Homem;2051;470647;45-49
Homem;2052;462102;45-49
Homem;2053;453102;45-49
Homem;2054;444320;45-49
Homem;2055;434738;45-49
Homem;2056;426299;45-49
Homem;2057;419469;45-49
Homem;2058;411095;45-49
Homem;2059;402969;45-49
Homem;2060;398842;45-49
Mulher;2010;-408230;45-49
Mulher;2011;-418812;45-49
Mulher;2012;-430321;45-49
Mulher;2013;-441936;45-49
Mulher;2014;-452345;45-49
Mulher;2015;-460855;45-49
Mulher;2016;-467642;45-49
Mulher;2017;-472405;45-49
Mulher;2018;-476810;45-49
Mulher;2019;-483478;45-49
Mulher;2020;-493955;45-49
Mulher;2021;-507674;45-49
Mulher;2022;-524518;45-49
Mulher;2023;-543243;45-49
Mulher;2024;-561815;45-49
Mulher;2025;-578811;45-49
Mulher;2026;-594337;45-49
Mulher;2027;-608452;45-49
Mulher;2028;-620162;45-49
Mulher;2029;-628174;45-49
Mulher;2030;-631758;45-49
Mulher;2031;-630865;45-49
Mulher;2032;-625075;45-49
Mulher;2033;-616025;45-49
Mulher;2034;-606306;45-49
Mulher;2035;-597609;45-49
Mulher;2036;-590234;45-49
Mulher;2037;-584791;45-49
Mulher;2038;-581046;45-49
Mulher;2039;-578400;45-49
Mulher;2040;-576387;45-49
Mulher;2041;-575199;45-49
Mulher;2042;-575103;45-49
Mulher;2043;-575013;45-49
Mulher;2044;-573291;45-49
Mulher;2045;-568988;45-49
Mulher;2046;-561060;45-49
Mulher;2047;-549364;45-49
Mulher;2048;-537680;45-49
Mulher;2049;-525909;45-49
Mulher;2050;-514584;45-49
Mulher;2051;-503491;45-49
Mulher;2052;-493047;45-49
Mulher;2053;-482272;45-49
Mulher;2054;-471893;45-49
Mulher;2055;-460926;45-49
Mulher;2056;-451342;45-49
Mulher;2057;-443563;45-49
Mulher;2058;-434322;45-49
Mulher;2059;-425429;45-49
Mulher;2060;-420649;45-49
Homem;2010;322473;50-54
Homem;2011;331670;50-54
Homem;2012;340141;50-54
Homem;2013;348217;50-54
Homem;2014;356462;50-54
Homem;2015;365186;50-54
Homem;2016;374372;50-54
Homem;2017;384267;50-54
Homem;2018;394119;50-54
Homem;2019;402759;50-54
Homem;2020;409583;50-54
Homem;2021;414698;50-54
Homem;2022;417745;50-54
Homem;2023;420374;50-54
Homem;2024;425114;50-54
Homem;2025;433456;50-54
Homem;2026;444870;50-54
Homem;2027;459281;50-54
Homem;2028;475417;50-54
Homem;2029;491213;50-54
Homem;2030;505290;50-54
Homem;2031;517700;50-54
Homem;2032;528408;50-54
Homem;2033;536729;50-54
Homem;2034;541832;50-54
Homem;2035;543279;50-54
Homem;2036;541092;50-54
Homem;2037;535010;50-54
Homem;2038;526455;50-54
Homem;2039;517658;50-54
Homem;2040;510015;50-54
Homem;2041;504125;50-54
Homem;2042;500816;50-54
Homem;2043;499749;50-54
Homem;2044;500252;50-54
Homem;2045;501796;50-54
Homem;2046;504303;50-54
Homem;2047;507821;50-54
Homem;2048;511164;50-54
Homem;2049;512553;50-54
Homem;2050;510951;50-54
Homem;2051;504784;50-54
Homem;2052;494765;50-54
Homem;2053;484586;50-54
Homem;2054;474388;50-54
Homem;2055;464844;50-54
Homem;2056;456230;50-54
Homem;2057;448018;50-54
Homem;2058;439369;50-54
Homem;2059;430927;50-54
Homem;2060;421696;50-54
Mulher;2010;-350392;50-54
Mulher;2011;-360177;50-54
Mulher;2012;-369277;50-54
Mulher;2013;-378082;50-54
Mulher;2014;-387251;50-54
Mulher;2015;-397149;50-54
Mulher;2016;-407727;50-54
Mulher;2017;-419213;50-54
Mulher;2018;-430799;50-54
Mulher;2019;-441199;50-54
Mulher;2020;-449735;50-54
Mulher;2021;-456580;50-54
Mulher;2022;-461441;50-54
Mulher;2023;-465951;50-54
Mulher;2024;-472683;50-54
Mulher;2025;-483157;50-54
Mulher;2026;-496812;50-54
Mulher;2027;-513533;50-54
Mulher;2028;-532093;50-54
Mulher;2029;-550501;50-54
Mulher;2030;-567361;50-54
Mulher;2031;-582772;50-54
Mulher;2032;-596788;50-54
Mulher;2033;-608435;50-54
Mulher;2034;-616430;50-54
Mulher;2035;-620054;50-54
Mulher;2036;-619261;50-54
Mulher;2037;-613647;50-54
Mulher;2038;-604824;50-54
Mulher;2039;-595342;50-54
Mulher;2040;-586860;50-54
Mulher;2041;-579675;50-54
Mulher;2042;-574388;50-54
Mulher;2043;-570764;50-54
Mulher;2044;-568220;50-54
Mulher;2045;-566293;50-54
Mulher;2046;-565178;50-54
Mulher;2047;-565137;50-54
Mulher;2048;-565100;50-54
Mulher;2049;-563440;50-54
Mulher;2050;-559233;50-54
Mulher;2051;-551444;50-54
Mulher;2052;-539942;50-54
Mulher;2053;-528464;50-54
Mulher;2054;-516899;50-54
Mulher;2055;-505766;50-54
Mulher;2056;-494851;50-54
Mulher;2057;-484570;50-54
Mulher;2058;-473970;50-54
Mulher;2059;-463760;50-54
Mulher;2060;-452967;50-54
Homem;2010;255676;55-59
Homem;2011;263891;55-59
Homem;2012;273336;55-59
Homem;2013;283482;55-59
Homem;2014;293505;55-59
Homem;2015;302906;55-59
Homem;2016;311752;55-59
Homem;2017;319930;55-59
Homem;2018;327751;55-59
Homem;2019;335745;55-59
Homem;2020;344206;55-59
Homem;2021;353113;55-59
Homem;2022;362702;55-59
Homem;2023;372254;55-59
Homem;2024;380658;55-59
Homem;2025;387345;55-59
Homem;2026;392421;55-59
Homem;2027;395541;55-59
Homem;2028;398281;55-59
Homem;2029;403040;55-59
Homem;2030;411238;55-59
Homem;2031;422355;55-59
Homem;2032;436308;55-59
Homem;2033;451903;55-59
Homem;2034;467175;55-59
Homem;2035;480815;55-59
Homem;2036;492875;55-59
Homem;2037;503319;55-59
Homem;2038;511485;55-59
Homem;2039;516576;55-59
Homem;2040;518172;55-59
Homem;2041;516288;55-59
Homem;2042;510681;55-59
Homem;2043;502719;55-59
Homem;2044;494523;55-59
Homem;2045;487428;55-59
Homem;2046;482004;55-59
Homem;2047;479038;55-59
Homem;2048;478208;55-59
Homem;2049;478870;55-59
Homem;2050;480531;55-59
Homem;2051;483108;55-59
Homem;2052;486650;55-59
Homem;2053;490017;55-59
Homem;2054;491497;55-59
Homem;2055;490090;55-59
Homem;2056;484281;55-59
Homem;2057;474772;55-59
Homem;2058;465133;55-59
Homem;2059;455475;55-59
Homem;2060;446440;55-59
Mulher;2010;-285290;55-59
Mulher;2011;-295138;55-59
Mulher;2012;-305833;55-59
Mulher;2013;-316964;55-59
Mulher;2014;-327866;55-59
Mulher;2015;-338149;55-59
Mulher;2016;-347866;55-59
Mulher;2017;-356921;55-59
Mulher;2018;-365697;55-59
Mulher;2019;-374825;55-59
Mulher;2020;-384663;55-59
Mulher;2021;-395159;55-59
Mulher;2022;-406538;55-59
Mulher;2023;-418011;55-59
Mulher;2024;-428327;55-59
Mulher;2025;-436823;55-59
Mulher;2026;-443671;55-59
Mulher;2027;-448583;55-59
Mulher;2028;-453158;55-59
Mulher;2029;-459900;55-59
Mulher;2030;-470297;55-59
Mulher;2031;-483791;55-59
Mulher;2032;-500268;55-59
Mulher;2033;-518530;55-59
Mulher;2034;-536638;55-59
Mulher;2035;-553228;55-59
Mulher;2036;-568400;55-59
Mulher;2037;-582208;55-59
Mulher;2038;-593699;55-59
Mulher;2039;-601614;55-59
Mulher;2040;-605246;55-59
Mulher;2041;-604559;55-59
Mulher;2042;-599151;55-59
Mulher;2043;-590607;55-59
Mulher;2044;-581419;55-59
Mulher;2045;-573210;55-59
Mulher;2046;-566263;55-59
Mulher;2047;-561160;55-59
Mulher;2048;-557680;55-59
Mulher;2049;-555253;55-59
Mulher;2050;-553427;55-59
Mulher;2051;-552392;55-59
Mulher;2052;-552406;55-59
Mulher;2053;-552417;55-59
Mulher;2054;-550827;55-59
Mulher;2055;-546740;55-59
Mulher;2056;-539135;55-59
Mulher;2057;-527897;55-59
Mulher;2058;-516691;55-59
Mulher;2059;-505400;55-59
Mulher;2060;-494529;55-59
Homem;2010;209055;60-64
Homem;2011;214115;60-64
Homem;2012;218643;60-64
Homem;2013;223186;60-64
Homem;2014;228553;60-64
Homem;2015;235192;60-64
Homem;2016;242946;60-64
Homem;2017;251845;60-64
Homem;2018;261400;60-64
Homem;2019;270848;60-64
Homem;2020;279730;60-64
Homem;2021;288116;60-64
Homem;2022;295898;60-64
Homem;2023;303366;60-64
Homem;2024;311006;60-64
Homem;2025;319094;60-64
Homem;2026;327602;60-64
Homem;2027;336755;60-64
Homem;2028;345874;60-64
Homem;2029;353928;60-64
Homem;2030;360378;60-64
Homem;2031;365332;60-64
Homem;2032;368475;60-64
Homem;2033;371281;60-64
Homem;2034;375988;60-64
Homem;2035;383923;60-64
Homem;2036;394584;60-64
Homem;2037;407892;60-64
Homem;2038;422724;60-64
Homem;2039;437254;60-64
Homem;2040;450261;60-64
Homem;2041;461797;60-64
Homem;2042;471824;60-64
Homem;2043;479717;60-64
Homem;2044;484718;60-64
Homem;2045;486425;60-64
Homem;2046;484861;60-64
Homem;2047;479795;60-64
Homem;2048;472515;60-64
Homem;2049;465025;60-64
Homem;2050;458567;60-64
Homem;2051;453682;60-64
Homem;2052;451100;60-64
Homem;2053;450512;60-64
Homem;2054;451328;60-64
Homem;2055;453076;60-64
Homem;2056;455680;60-64
Homem;2057;459196;60-64
Homem;2058;462535;60-64
Homem;2059;464072;60-64
Homem;2060;462859;60-64
Mulher;2010;-233682;60-64
Mulher;2011;-240708;60-64
Mulher;2012;-247676;60-64
Mulher;2013;-254878;60-64
Mulher;2014;-262783;60-64
Mulher;2015;-271634;60-64
Mulher;2016;-281308;60-64
Mulher;2017;-291797;60-64
Mulher;2018;-302704;60-64
Mulher;2019;-313389;60-64
Mulher;2020;-323485;60-64
Mulher;2021;-333039;60-64
Mulher;2022;-341958;60-64
Mulher;2023;-350616;60-64
Mulher;2024;-359612;60-64
Mulher;2025;-369291;60-64
Mulher;2026;-379605;60-64
Mulher;2027;-390770;60-64
Mulher;2028;-402017;60-64
Mulher;2029;-412147;60-64
Mulher;2030;-420514;60-64
Mulher;2031;-427286;60-64
Mulher;2032;-432189;60-64
Mulher;2033;-436769;60-64
Mulher;2034;-443447;60-64
Mulher;2035;-453660;60-64
Mulher;2036;-466860;60-64
Mulher;2037;-482930;60-64
Mulher;2038;-500716;60-64
Mulher;2039;-518344;60-64
Mulher;2040;-534507;60-64
Mulher;2041;-549299;60-64
Mulher;2042;-562778;60-64
Mulher;2043;-574005;60-64
Mulher;2044;-581760;60-64
Mulher;2045;-585360;60-64
Mulher;2046;-584774;60-64
Mulher;2047;-579614;60-64
Mulher;2048;-571420;60-64
Mulher;2049;-562610;60-64
Mulher;2050;-554741;60-64
Mulher;2051;-548096;60-64
Mulher;2052;-543226;60-64
Mulher;2053;-539919;60-64
Mulher;2054;-537632;60-64
Mulher;2055;-535923;60-64
Mulher;2056;-534981;60-64
Mulher;2057;-535051;60-64
Mulher;2058;-535107;60-64
Mulher;2059;-533597;60-64
Mulher;2060;-529657;60-64
Homem;2010;159898;65-69
Homem;2011;164810;65-69
Homem;2012;170336;65-69
Homem;2013;176131;65-69
Homem;2014;181687;65-69
Homem;2015;186753;65-69
Homem;2016;191425;65-69
Homem;2017;195640;65-69
Homem;2018;199890;65-69
Homem;2019;204893;65-69
Homem;2020;211055;65-69
Homem;2021;218224;65-69
Homem;2022;226426;65-69
Homem;2023;235224;65-69
Homem;2024;243937;65-69
Homem;2025;252146;65-69
Homem;2026;259922;65-69
Homem;2027;267167;65-69
Homem;2028;274147;65-69
Homem;2029;281294;65-69
Homem;2030;288856;65-69
Homem;2031;296809;65-69
Homem;2032;305357;65-69
Homem;2033;313875;65-69
Homem;2034;321423;65-69
Homem;2035;327509;65-69
Homem;2036;332242;65-69
Homem;2037;335335;65-69
Homem;2038;338147;65-69
Homem;2039;342710;65-69
Homem;2040;350239;65-69
Homem;2041;360254;65-69
Homem;2042;372669;65-69
Homem;2043;386462;65-69
Homem;2044;399974;65-69
Homem;2045;412104;65-69
Homem;2046;422894;65-69
Homem;2047;432310;65-69
Homem;2048;439772;65-69
Homem;2049;444571;65-69
Homem;2050;446340;65-69
Homem;2051;445099;65-69
Homem;2052;440644;65-69
Homem;2053;434166;65-69
Homem;2054;427504;65-69
Homem;2055;421795;65-69
Homem;2056;417529;65-69
Homem;2057;415366;65-69
Homem;2058;415025;65-69
Homem;2059;415967;65-69
Homem;2060;417757;65-69
Mulher;2010;-185034;65-69
Mulher;2011;-190732;65-69
Mulher;2012;-197113;65-69
Mulher;2013;-203959;65-69
Mulher;2014;-210907;65-69
Mulher;2015;-217774;65-69
Mulher;2016;-224623;65-69
Mulher;2017;-231426;65-69
Mulher;2018;-238449;65-69
Mulher;2019;-246145;65-69
Mulher;2020;-254728;65-69
Mulher;2021;-264095;65-69
Mulher;2022;-274227;65-69
Mulher;2023;-284750;65-69
Mulher;2024;-295067;65-69
Mulher;2025;-304829;65-69
Mulher;2026;-314077;65-69
Mulher;2027;-322732;65-69
Mulher;2028;-331144;65-69
Mulher;2029;-339879;65-69
Mulher;2030;-349262;65-69
Mulher;2031;-359247;65-69
Mulher;2032;-370034;65-69
Mulher;2033;-380895;65-69
Mulher;2034;-390681;65-69
Mulher;2035;-398779;65-69
Mulher;2036;-405358;65-69
Mulher;2037;-410164;65-69
Mulher;2038;-414674;65-69
Mulher;2039;-421196;65-69
Mulher;2040;-431089;65-69
Mulher;2041;-443818;65-69
Mulher;2042;-459261;65-69
Mulher;2043;-476328;65-69
Mulher;2044;-493235;65-69
Mulher;2045;-508748;65-69
Mulher;2046;-522951;65-69
Mulher;2047;-535906;65-69
Mulher;2048;-546709;65-69
Mulher;2049;-554186;65-69
Mulher;2050;-557687;65-69
Mulher;2051;-557189;65-69
Mulher;2052;-552330;65-69
Mulher;2053;-544586;65-69
Mulher;2054;-536265;65-69
Mulher;2055;-528845;65-69
Mulher;2056;-522594;65-69
Mulher;2057;-518021;65-69
Mulher;2058;-514932;65-69
Mulher;2059;-512812;65-69
Mulher;2060;-511242;65-69
Homem;2010;120179;70-74
Homem;2011;123249;70-74
Homem;2012;125946;70-74
Homem;2013;128612;70-74
Homem;2014;131723;70-74
Homem;2015;135518;70-74
Homem;2016;139855;70-74
Homem;2017;144727;70-74
Homem;2018;149832;70-74
Homem;2019;154736;70-74
Homem;2020;159224;70-74
Homem;2021;163389;70-74
Homem;2022;167186;70-74
Homem;2023;171036;70-74
Homem;2024;175554;70-74
Homem;2025;181084;70-74
Homem;2026;187482;70-74
Homem;2027;194771;70-74
Homem;2028;202576;70-74
Homem;2029;210308;70-74
Homem;2030;217611;70-74
Homem;2031;224553;70-74
Homem;2032;231054;70-74
Homem;2033;237345;70-74
Homem;2034;243800;70-74
Homem;2035;250625;70-74
Homem;2036;257798;70-74
Homem;2037;265499;70-74
Homem;2038;273169;70-74
Homem;2039;279983;70-74
Homem;2040;285507;70-74
Homem;2041;289858;70-74
Homem;2042;292794;70-74
Homem;2043;295518;70-74
Homem;2044;299816;70-74
Homem;2045;306736;70-74
Homem;2046;315831;70-74
Homem;2047;327003;70-74
Homem;2048;339355;70-74
Homem;2049;351449;70-74
Homem;2050;362334;70-74
Homem;2051;372048;70-74
Homem;2052;380562;70-74
Homem;2053;387353;70-74
Homem;2054;391782;70-74
Homem;2055;393519;70-74
Homem;2056;392597;70-74
Homem;2057;388853;70-74
Homem;2058;383341;70-74
Homem;2059;377685;70-74
Homem;2060;372886;70-74
Mulher;2010;-146432;70-74
Mulher;2011;-150516;70-74
Mulher;2012;-154176;70-74
Mulher;2013;-157767;70-74
Mulher;2014;-161826;70-74
Mulher;2015;-166647;70-74
Mulher;2016;-172108;70-74
Mulher;2017;-178187;70-74
Mulher;2018;-184688;70-74
Mulher;2019;-191278;70-74
Mulher;2020;-197800;70-74
Mulher;2021;-204305;70-74
Mulher;2022;-210780;70-74
Mulher;2023;-217461;70-74
Mulher;2024;-224764;70-74
Mulher;2025;-232882;70-74
Mulher;2026;-241724;70-74
Mulher;2027;-251267;70-74
Mulher;2028;-261170;70-74
Mulher;2029;-270877;70-74
Mulher;2030;-280071;70-74
Mulher;2031;-288794;70-74
Mulher;2032;-296978;70-74
Mulher;2033;-304941;70-74
Mulher;2034;-313211;70-74
Mulher;2035;-322075;70-74
Mulher;2036;-331499;70-74
Mulher;2037;-341658;70-74
Mulher;2038;-351877;70-74
Mulher;2039;-361081;70-74
Mulher;2040;-368712;70-74
Mulher;2041;-374936;70-74
Mulher;2042;-379533;70-74
Mulher;2043;-383870;70-74
Mulher;2044;-390097;70-74
Mulher;2045;-399463;70-74
Mulher;2046;-411455;70-74
Mulher;2047;-425942;70-74
Mulher;2048;-441907;70-74
Mulher;2049;-457711;70-74
Mulher;2050;-472225;70-74
Mulher;2051;-485517;70-74
Mulher;2052;-497652;70-74
Mulher;2053;-507775;70-74
Mulher;2054;-514786;70-74
Mulher;2055;-518080;70-74
Mulher;2056;-517648;70-74
Mulher;2057;-513176;70-74
Mulher;2058;-506038;70-74
Mulher;2059;-498383;70-74
Mulher;2060;-491580;70-74
Homem;2010;78443;75-79
Homem;2011;80739;75-79
Homem;2012;83790;75-79
Homem;2013;87185;75-79
Homem;2014;90400;75-79
Homem;2015;93200;75-79
Homem;2016;95724;75-79
Homem;2017;97988;75-79
Homem;2018;100259;75-79
Homem;2019;102896;75-79
Homem;2020;106075;75-79
Homem;2021;109684;75-79
Homem;2022;113729;75-79
Homem;2023;117957;75-79
Homem;2024;122025;75-79
Homem;2025;125764;75-79
Homem;2026;129263;75-79
Homem;2027;132493;75-79
Homem;2028;135789;75-79
Homem;2029;139641;75-79
Homem;2030;144316;75-79
Homem;2031;149689;75-79
Homem;2032;155780;75-79
Homem;2033;162280;75-79
Homem;2034;168720;75-79
Homem;2035;174820;75-79
Homem;2036;180643;75-79
Homem;2037;186128;75-79
Homem;2038;191467;75-79
Homem;2039;196954;75-79
Homem;2040;202750;75-79
Homem;2041;208839;75-79
Homem;2042;215368;75-79
Homem;2043;221865;75-79
Homem;2044;227643;75-79
Homem;2045;232355;75-79
Homem;2046;236120;75-79
Homem;2047;238750;75-79
Homem;2048;241250;75-79
Homem;2049;245085;75-79
Homem;2050;251101;75-79
Homem;2051;258896;75-79
Homem;2052;268358;75-79
Homem;2053;278752;75-79
Homem;2054;288916;75-79
Homem;2055;298095;75-79
Homem;2056;306317;75-79
Homem;2057;313556;75-79
Homem;2058;319377;75-79
Homem;2059;323223;75-79
Homem;2060;324824;75-79
Mulher;2010;-102848;75-79
Mulher;2011;-106509;75-79
Mulher;2012;-110917;75-79
Mulher;2013;-115686;75-79
Mulher;2014;-120273;75-79
Mulher;2015;-124404;75-79
Mulher;2016;-128200;75-79
Mulher;2017;-131651;75-79
Mulher;2018;-135058;75-79
Mulher;2019;-138873;75-79
Mulher;2020;-143342;75-79
Mulher;2021;-148367;75-79
Mulher;2022;-153927;75-79
Mulher;2023;-159853;75-79
Mulher;2024;-165852;75-79
Mulher;2025;-171794;75-79
Mulher;2026;-177726;75-79
Mulher;2027;-183640;75-79
Mulher;2028;-189742;75-79
Mulher;2029;-196399;75-79
Mulher;2030;-203780;75-79
Mulher;2031;-211794;75-79
Mulher;2032;-220419;75-79
Mulher;2033;-229356;75-79
Mulher;2034;-238114;75-79
Mulher;2035;-246418;75-79
Mulher;2036;-254308;75-79
Mulher;2037;-261733;75-79
Mulher;2038;-268970;75-79
Mulher;2039;-276489;75-79
Mulher;2040;-284534;75-79
Mulher;2041;-293076;75-79
Mulher;2042;-302263;75-79
Mulher;2043;-311494;75-79
Mulher;2044;-319799;75-79
Mulher;2045;-326692;75-79
Mulher;2046;-332338;75-79
Mulher;2047;-336551;75-79
Mulher;2048;-340562;75-79
Mulher;2049;-346291;75-79
Mulher;2050;-354831;75-79
Mulher;2051;-365696;75-79
Mulher;2052;-378746;75-79
Mulher;2053;-393076;75-79
Mulher;2054;-407240;75-79
Mulher;2055;-420259;75-79
Mulher;2056;-432190;75-79
Mulher;2057;-443088;75-79
Mulher;2058;-452182;75-79
Mulher;2059;-458475;75-79
Mulher;2060;-461423;75-79
Homem;2010;51845;80-84
Homem;2011;51661;80-84
Homem;2012;51532;80-84
Homem;2013;51680;80-84
Homem;2014;52340;80-84
Homem;2015;53571;80-84
Homem;2016;55310;80-84
Homem;2017;57574;80-84
Homem;2018;60068;80-84
Homem;2019;62432;80-84
Homem;2020;64501;80-84
Homem;2021;66395;80-84
Homem;2022;68137;80-84
Homem;2023;69908;80-84
Homem;2024;71955;80-84
Homem;2025;74382;80-84
Homem;2026;77118;80-84
Homem;2027;80177;80-84
Homem;2028;83361;80-84
Homem;2029;86432;80-84
Homem;2030;89265;80-84
Homem;2031;91941;80-84
Homem;2032;94444;80-84
Homem;2033;97018;80-84
Homem;2034;100016;80-84
Homem;2035;103619;80-84
Homem;2036;107728;80-84
Homem;2037;112358;80-84
Homem;2038;117278;80-84
Homem;2039;122154;80-84
Homem;2040;126787;80-84
Homem;2041;131226;80-84
Homem;2042;135439;80-84
Homem;2043;139564;80-84
Homem;2044;143819;80-84
Homem;2045;148309;80-84
Homem;2046;153020;80-84
Homem;2047;158066;80-84
Homem;2048;163078;80-84
Homem;2049;167540;80-84
Homem;2050;171199;80-84
Homem;2051;174166;80-84
Homem;2052;176313;80-84
Homem;2053;178411;80-84
Homem;2054;181551;80-84
Homem;2055;186347;80-84
Homem;2056;192459;80-84
Homem;2057;199771;80-84
Homem;2058;207737;80-84
Homem;2059;215517;80-84
Homem;2060;222564;80-84
Mulher;2010;-70869;80-84
Mulher;2011;-72024;80-84
Mulher;2012;-73219;80-84
Mulher;2013;-74684;80-84
Mulher;2014;-76682;80-84
Mulher;2015;-79318;80-84
Mulher;2016;-82518;80-84
Mulher;2017;-86303;80-84
Mulher;2018;-90366;80-84
Mulher;2019;-94276;80-84
Mulher;2020;-97823;80-84
Mulher;2021;-101112;80-84
Mulher;2022;-104147;80-84
Mulher;2023;-107171;80-84
Mulher;2024;-110530;80-84
Mulher;2025;-114410;80-84
Mulher;2026;-118738;80-84
Mulher;2027;-123496;80-84
Mulher;2028;-128548;80-84
Mulher;2029;-133656;80-84
Mulher;2030;-138713;80-84
Mulher;2031;-143771;80-84
Mulher;2032;-148820;80-84
Mulher;2033;-154038;80-84
Mulher;2034;-159718;80-84
Mulher;2035;-165998;80-84
Mulher;2036;-172792;80-84
Mulher;2037;-180085;80-84
Mulher;2038;-187626;80-84
Mulher;2039;-195009;80-84
Mulher;2040;-202015;80-84
Mulher;2041;-208685;80-84
Mulher;2042;-214983;80-84
Mulher;2043;-221138;80-84
Mulher;2044;-227540;80-84
Mulher;2045;-234381;80-84
Mulher;2046;-241632;80-84
Mulher;2047;-249414;80-84
Mulher;2048;-257211;80-84
Mulher;2049;-264210;80-84
Mulher;2050;-270016;80-84
Mulher;2051;-274792;80-84
Mulher;2052;-278400;80-84
Mulher;2053;-281885;80-84
Mulher;2054;-286848;80-84
Mulher;2055;-294172;80-84
Mulher;2056;-303415;80-84
Mulher;2057;-314424;80-84
Mulher;2058;-326444;80-84
Mulher;2059;-338298;80-84
Mulher;2060;-349199;80-84
Homem;2010;27023;85-89
Homem;2011;28502;85-89
Homem;2012;29246;85-89
Homem;2013;29555;85-89
Homem;2014;29634;85-89
Homem;2015;29620;85-89
Homem;2016;29606;85-89
Homem;2017;29637;85-89
Homem;2018;29840;85-89
Homem;2019;30356;85-89
Homem;2020;31207;85-89
Homem;2021;32356;85-89
Homem;2022;33815;85-89
Homem;2023;35409;85-89
Homem;2024;36914;85-89
Homem;2025;38240;85-89
Homem;2026;39476;85-89
Homem;2027;40639;85-89
Homem;2028;41843;85-89
Homem;2029;43223;85-89
Homem;2030;44838;85-89
Homem;2031;46641;85-89
Homem;2032;48647;85-89
Homem;2033;50731;85-89
Homem;2034;52738;85-89
Homem;2035;54600;85-89
Homem;2036;56375;85-89
Homem;2037;58058;85-89
Homem;2038;59806;85-89
Homem;2039;61836;85-89
Homem;2040;64254;85-89
Homem;2041;66990;85-89
Homem;2042;70052;85-89
Homem;2043;73290;85-89
Homem;2044;76495;85-89
Homem;2045;79549;85-89
Homem;2046;82491;85-89
Homem;2047;85306;85-89
Homem;2048;88081;85-89
Homem;2049;90953;85-89
Homem;2050;93984;85-89
Homem;2051;97159;85-89
Homem;2052;100557;85-89
Homem;2053;103923;85-89
Homem;2054;106917;85-89
Homem;2055;109381;85-89
Homem;2056;111408;85-89
Homem;2057;112929;85-89
Homem;2058;114462;85-89
Homem;2059;116712;85-89
Homem;2060;120063;85-89
Mulher;2010;-38620;85-89
Mulher;2011;-41432;85-89
Mulher;2012;-43475;85-89
Mulher;2013;-45023;85-89
Mulher;2014;-46272;85-89
Mulher;2015;-47369;85-89
Mulher;2016;-48438;85-89
Mulher;2017;-49546;85-89
Mulher;2018;-50846;85-89
Mulher;2019;-52519;85-89
Mulher;2020;-54632;85-89
Mulher;2021;-57137;85-89
Mulher;2022;-60058;85-89
Mulher;2023;-63165;85-89
Mulher;2024;-66161;85-89
Mulher;2025;-68897;85-89
Mulher;2026;-71455;85-89
Mulher;2027;-73856;85-89
Mulher;2028;-76268;85-89
Mulher;2029;-78929;85-89
Mulher;2030;-81966;85-89
Mulher;2031;-85324;85-89
Mulher;2032;-88996;85-89
Mulher;2033;-92878;85-89
Mulher;2034;-96799;85-89
Mulher;2035;-100675;85-89
Mulher;2036;-104561;85-89
Mulher;2037;-108454;85-89
Mulher;2038;-112481;85-89
Mulher;2039;-116859;85-89
Mulher;2040;-121685;85-89
Mulher;2041;-126887;85-89
Mulher;2042;-132455;85-89
Mulher;2043;-138196;85-89
Mulher;2044;-143813;85-89
Mulher;2045;-149146;85-89
Mulher;2046;-154233;85-89
Mulher;2047;-159055;85-89
Mulher;2048;-163785;85-89
Mulher;2049;-168712;85-89
Mulher;2050;-173970;85-89
Mulher;2051;-179532;85-89
Mulher;2052;-185489;85-89
Mulher;2053;-191433;85-89
Mulher;2054;-196752;85-89
Mulher;2055;-201156;85-89
Mulher;2056;-204794;85-89
Mulher;2057;-207581;85-89
Mulher;2058;-210322;85-89
Mulher;2059;-214223;85-89
Mulher;2060;-219924;85-89
Homem;2010;17475;90+
Homem;2011;16706;90+
Homem;2012;16706;90+
Homem;2013;17059;90+
Homem;2014;17513;90+
Homem;2015;17923;90+
Homem;2016;18296;90+
Homem;2017;18660;90+
Homem;2018;18983;90+
Homem;2019;19246;90+
Homem;2020;19452;90+
Homem;2021;19652;90+
Homem;2022;19880;90+
Homem;2023;20179;90+
Homem;2024;20607;90+
Homem;2025;21170;90+
Homem;2026;21864;90+
Homem;2027;22711;90+
Homem;2028;23639;90+
Homem;2029;24566;90+
Homem;2030;25453;90+
Homem;2031;26357;90+
Homem;2032;27302;90+
Homem;2033;28310;90+
Homem;2034;29413;90+
Homem;2035;30610;90+
Homem;2036;31906;90+
Homem;2037;33320;90+
Homem;2038;34791;90+
Homem;2039;36257;90+
Homem;2040;37686;90+
Homem;2041;39121;90+
Homem;2042;40572;90+
Homem;2043;42094;90+
Homem;2044;43768;90+
Homem;2045;45626;90+
Homem;2046;47643;90+
Homem;2047;49822;90+
Homem;2048;52107;90+
Homem;2049;54430;90+
Homem;2050;56750;90+
Homem;2051;59085;90+
Homem;2052;61434;90+
Homem;2053;63822;90+
Homem;2054;66287;90+
Homem;2055;68837;90+
Homem;2056;71469;90+
Homem;2057;74225;90+
Homem;2058;76968;90+
Homem;2059;79535;90+
Homem;2060;81857;90+
Mulher;2010;-29767;90+
Mulher;2011;-28830;90+
Mulher;2012;-28974;90+
Mulher;2013;-29738;90+
Mulher;2014;-30810;90+
Mulher;2015;-31987;90+
Mulher;2016;-33251;90+
Mulher;2017;-34611;90+
Mulher;2018;-36000;90+
Mulher;2019;-37377;90+
Mulher;2020;-38713;90+
Mulher;2021;-40085;90+
Mulher;2022;-41539;90+
Mulher;2023;-43131;90+
Mulher;2024;-44937;90+
Mulher;2025;-46969;90+
Mulher;2026;-49237;90+
Mulher;2027;-51777;90+
Mulher;2028;-54470;90+
Mulher;2029;-57179;90+
Mulher;2030;-59832;90+
Mulher;2031;-62505;90+
Mulher;2032;-65248;90+
Mulher;2033;-68095;90+
Mulher;2034;-71111;90+
Mulher;2035;-74323;90+
Mulher;2036;-77727;90+
Mulher;2037;-81347;90+
Mulher;2038;-85131;90+
Mulher;2039;-89011;90+
Mulher;2040;-92950;90+
Mulher;2041;-96996;90+
Mulher;2042;-101165;90+
Mulher;2043;-105509;90+
Mulher;2044;-110124;90+
Mulher;2045;-115039;90+
Mulher;2046;-120224;90+
Mulher;2047;-125676;90+
Mulher;2048;-131298;90+
Mulher;2049;-136955;90+
Mulher;2050;-142578;90+
Mulher;2051;-148192;90+
Mulher;2052;-153794;90+
Mulher;2053;-159451;90+
Mulher;2054;-165262;90+
Mulher;2055;-171266;90+
Mulher;2056;-177446;90+
Mulher;2057;-183851;90+
Mulher;2058;-190239;90+
Mulher;2059;-196273;90+
Mulher;2060;-201818;90+
